timestamp,temperature,humidity,pressure,wind_speed
2021-01-01 00:00:00,14.9,80.1,1013.2,14.7
2021-01-01 01:00:00,12.7,80.2,1012.0,8.5
2021-01-01 02:00:00,10.1,84.8,1014.0,8.1
2021-01-01 03:00:00,8.7,86.4,1015.2,11.9
2021-01-01 04:00:00,7.0,88.4,1014.5,16.2
2021-01-01 05:00:00,5.5,82.1,1014.0,8.8
2021-01-01 06:00:00,4.9,79.9,1015.3,17.4
2021-01-01 07:00:00,4.2,73.2,1014.4,14.5
2021-01-01 08:00:00,2.1,72.1,1014.9,16.8
2021-01-01 09:00:00,2.6,65.6,1014.8,12.3
2021-01-01 10:00:00,2.8,65.2,1016.3,8.4
2021-01-01 11:00:00,3.6,62.6,1016.8,9.6
2021-01-01 12:00:00,3.7,57.2,1016.3,10.8
2021-01-01 13:00:00,4.6,61.0,1016.5,15.2
2021-01-01 14:00:00,5.5,59.8,1017.7,34.3
2021-01-01 15:00:00,6.5,52.6,1016.7,18.1
2021-01-01 16:00:00,7.3,51.2,1017.8,14.7
2021-01-01 17:00:00,7.4,56.8,1018.5,27.3
2021-01-01 18:00:00,7.7,57.6,1017.8,25.1
2021-01-01 19:00:00,6.8,60.2,1018.6,13.7
2021-01-01 20:00:00,5.9,65.2,1017.2,14.1
2021-01-01 21:00:00,4.7,72.0,1021.6,14.1
2021-01-01 22:00:00,4.3,74.4,1020.0,17.1
2021-01-01 23:00:00,4.1,76.5,1019.4,10.4
2021-01-02 00:00:00,3.9,80.5,1021.1,8.1
2021-01-02 01:00:00,2.7,82.2,1018.5,11.8
2021-01-02 02:00:00,1.7,88.8,1020.5,11.0
2021-01-02 03:00:00,1.3,90.9,1019.6,9.5
2021-01-02 04:00:00,0.2,84.5,1021.6,9.8
2021-01-02 05:00:00,-0.9,80.3,1019.5,8.8
2021-01-02 06:00:00,-1.0,76.9,1020.6,8.0
2021-01-02 07:00:00,-1.7,77.2,1020.7,21.2
2021-01-02 08:00:00,-0.5,70.0,1020.6,18.5
2021-01-02 09:00:00,0.1,71.2,1020.7,11.3
2021-01-02 10:00:00,1.6,68.3,1020.9,11.2
2021-01-02 11:00:00,1.8,60.3,1020.8,18.3
2021-01-02 12:00:00,2.2,60.4,1019.8,10.4
2021-01-02 13:00:00,2.7,53.3,1023.5,15.7
2021-01-02 14:00:00,2.9,56.9,1021.6,13.6
2021-01-02 15:00:00,4.0,53.2,1020.9,13.6
2021-01-02 16:00:00,5.4,57.3,1021.5,22.6
2021-01-02 17:00:00,7.0,59.0,1021.5,18.5
2021-01-02 18:00:00,7.0,61.0,1022.2,16.0
2021-01-02 19:00:00,6.4,63.7,1019.8,13.4
2021-01-02 20:00:00,6.6,67.9,1020.4,18.1
2021-01-02 21:00:00,6.2,66.0,1019.2,11.0
2021-01-02 22:00:00,5.0,75.5,1021.6,10.3
2021-01-02 23:00:00,3.8,74.5,1021.4,9.6
2021-01-03 00:00:00,2.9,87.4,1019.6,12.0
2021-01-03 01:00:00,2.5,93.8,1021.9,17.0
2021-01-03 02:00:00,74.5,83.2,1021.2,11.3
2021-01-03 03:00:00,1.7,85.7,1021.6,8.3
2021-01-03 04:00:00,-0.4,90.5,1020.6,11.0
2021-01-03 05:00:00,0.3,76.3,1021.5,34.9
2021-01-03 06:00:00,-0.9,79.0,1020.8,25.3
2021-01-03 07:00:00,-0.5,74.2,1019.8,14.9
2021-01-03 08:00:00,0.5,75.3,1018.6,8.9
2021-01-03 09:00:00,0.7,71.2,1019.9,9.0
2021-01-03 10:00:00,0.5,63.6,1019.9,19.0
2021-01-03 11:00:00,1.5,62.6,1020.8,12.8
2021-01-03 12:00:00,1.6,61.3,1017.7,10.4
2021-01-03 13:00:00,2.3,56.5,1018.7,13.0
2021-01-03 14:00:00,2.9,53.3,1018.6,11.9
2021-01-03 15:00:00,4.6,44.6,1019.7,40.1
2021-01-03 16:00:00,5.5,56.4,1018.5,23.5
2021-01-03 17:00:00,7.2,59.1,1017.9,13.9
2021-01-03 18:00:00,7.6,55.3,1016.4,18.1
2021-01-03 19:00:00,6.1,68.0,1018.1,14.1
2021-01-03 20:00:00,5.1,60.0,1018.0,12.1
2021-01-03 21:00:00,4.9,67.7,1017.3,15.1
2021-01-03 22:00:00,4.2,71.9,1016.8,12.6
2021-01-03 23:00:00,3.1,82.3,1016.1,8.5
2021-01-04 00:00:00,1.9,81.7,1018.1,13.1
2021-01-04 01:00:00,1.3,82.6,1017.8,12.0
2021-01-04 02:00:00,0.5,84.7,1017.6,19.7
2021-01-04 03:00:00,0.4,79.5,1015.5,12.4
2021-01-04 04:00:00,0.1,85.7,1015.0,16.0
2021-01-04 05:00:00,0.8,87.1,1014.0,9.2
2021-01-04 06:00:00,0.4,82.0,1015.3,10.6
2021-01-04 07:00:00,-0.9,76.2,1014.4,21.3
2021-01-04 08:00:00,0.4,67.7,1015.1,8.1
2021-01-04 09:00:00,-0.4,69.8,1013.4,21.4
2021-01-04 10:00:00,0.6,60.4,1014.1,15.7
2021-01-04 11:00:00,0.9,67.2,1014.6,17.8
2021-01-04 12:00:00,1.9,64.8,1012.6,17.2
2021-01-04 13:00:00,2.9,57.1,1013.1,11.6
2021-01-04 14:00:00,3.1,60.8,1013.3,16.7
2021-01-04 15:00:00,3.8,48.2,1013.7,16.2
2021-01-04 16:00:00,4.8,55.0,1012.6,29.3
2021-01-04 17:00:00,5.1,56.9,1012.1,15.9
2021-01-04 18:00:00,5.3,56.8,1010.7,15.3
2021-01-04 19:00:00,4.9,60.5,1010.9,18.5
2021-01-04 20:00:00,6.1,66.2,1009.7,18.3
2021-01-04 21:00:00,5.3,68.6,1009.9,10.9
2021-01-04 22:00:00,4.4,71.6,1009.7,15.7
2021-01-04 23:00:00,4.7,76.7,1010.7,10.6
2021-01-05 00:00:00,3.3,82.1,1010.4,22.1
2021-01-05 01:00:00,2.9,80.1,1008.0,12.8
2021-01-05 02:00:00,1.7,88.1,1009.9,10.8
2021-01-05 03:00:00,0.9,81.2,1008.4,11.1
2021-01-05 04:00:00,-0.1,85.2,1007.0,15.9
2021-01-05 05:00:00,-0.3,83.6,1008.8,11.6
2021-01-05 06:00:00,-0.9,78.6,1008.8,13.6
2021-01-05 07:00:00,-1.7,77.8,1008.6,8.1
2021-01-05 08:00:00,-1.3,77.3,1008.0,10.7
2021-01-05 09:00:00,-0.9,68.6,1007.2,14.0
2021-01-05 10:00:00,-0.6,66.2,1007.3,15.0
2021-01-05 11:00:00,0.2,62.7,1006.8,10.8
2021-01-05 12:00:00,1.9,66.1,1006.7,10.7
2021-01-05 13:00:00,2.7,58.9,1006.1,18.6
2021-01-05 14:00:00,2.7,47.8,1005.0,22.6
2021-01-05 15:00:00,2.7,51.4,1005.6,15.8
2021-01-05 16:00:00,3.9,52.2,1007.4,16.0
2021-01-05 17:00:00,3.9,56.9,1006.8,18.1
2021-01-05 18:00:00,4.4,55.8,1005.6,13.2
2021-01-05 19:00:00,4.2,62.0,1006.5,14.3
2021-01-05 20:00:00,3.9,65.7,1005.9,17.7
2021-01-05 21:00:00,4.6,72.8,1006.0,14.4
2021-01-05 22:00:00,3.7,74.9,1004.1,13.7
2021-01-05 23:00:00,3.7,75.5,1004.0,15.3
2021-01-06 00:00:00,-68.2,80.8,1004.7,17.6
2021-01-06 01:00:00,2.8,86.0,1005.1,14.9
2021-01-06 02:00:00,1.1,83.3,1005.4,10.9
2021-01-06 03:00:00,0.8,87.7,1005.4,13.7
2021-01-06 04:00:00,-0.1,85.5,1004.9,12.9
2021-01-06 05:00:00,-0.4,86.0,1005.4,12.2
2021-01-06 06:00:00,0.2,81.3,1005.8,8.3
2021-01-06 07:00:00,0.6,76.0,1005.6,10.0
2021-01-06 08:00:00,0.7,71.0,1005.3,9.5
2021-01-06 09:00:00,-0.1,70.5,1005.4,11.9
2021-01-06 10:00:00,1.1,66.1,1004.5,13.3
2021-01-06 11:00:00,0.9,62.7,1003.4,9.1
2021-01-06 12:00:00,2.1,59.6,1006.3,13.4
2021-01-06 13:00:00,3.6,57.9,1006.7,17.8
2021-01-06 14:00:00,4.7,59.1,1005.6,20.1
2021-01-06 15:00:00,5.0,56.4,1005.6,12.5
2021-01-06 16:00:00,5.1,59.7,1006.6,19.1
2021-01-06 17:00:00,5.4,61.1,1006.5,17.9
2021-01-06 18:00:00,6.4,62.5,1006.7,13.5
2021-01-06 19:00:00,5.6,67.7,1006.0,14.5
2021-01-06 20:00:00,4.9,67.4,1005.6,21.0
2021-01-06 21:00:00,4.5,70.6,1006.1,26.7
2021-01-06 22:00:00,3.2,69.6,1006.4,15.9
2021-01-06 23:00:00,2.1,79.8,1006.7,16.3
2021-01-07 00:00:00,0.8,79.8,1005.8,9.6
2021-01-07 01:00:00,0.7,86.4,1006.0,8.5
2021-01-07 02:00:00,0.4,83.0,1006.3,10.4
2021-01-07 03:00:00,0.0,90.8,1007.9,9.0
2021-01-07 04:00:00,-0.2,89.7,1006.9,14.0
2021-01-07 05:00:00,0.5,82.9,1008.1,22.8
2021-01-07 06:00:00,1.0,83.1,1006.9,13.9
2021-01-07 07:00:00,0.9,75.4,1007.8,15.9
2021-01-07 08:00:00,1.2,75.1,1008.5,12.4
2021-01-07 09:00:00,1.0,66.4,1009.2,10.8
2021-01-07 10:00:00,1.4,63.4,1009.1,9.4
2021-01-07 11:00:00,1.6,63.9,1009.9,8.6
2021-01-07 12:00:00,1.4,58.3,1010.0,12.6
2021-01-07 13:00:00,2.7,55.7,1007.9,14.2
2021-01-07 14:00:00,3.5,56.9,1010.5,12.5
2021-01-07 15:00:00,4.7,58.7,1010.7,13.9
2021-01-07 16:00:00,6.0,54.9,1010.8,23.0
2021-01-07 17:00:00,6.0,50.9,1011.3,17.3
2021-01-07 18:00:00,5.5,60.0,1011.6,27.0
2021-01-07 19:00:00,5.7,57.0,1012.0,14.9
2021-01-07 20:00:00,6.2,68.0,1012.5,15.7
2021-01-07 21:00:00,5.8,66.8,1014.8,11.1
2021-01-07 22:00:00,5.1,69.8,1012.8,13.0
2021-01-07 23:00:00,3.9,74.4,1013.2,17.8
2021-01-08 00:00:00,3.6,80.4,1012.5,14.7
2021-01-08 01:00:00,2.1,84.9,1013.4,9.2
2021-01-08 02:00:00,1.1,83.0,1014.0,8.0
2021-01-08 03:00:00,0.7,81.2,1014.5,9.7
2021-01-08 04:00:00,0.2,89.2,1014.2,13.8
2021-01-08 05:00:00,-0.8,87.7,1014.1,12.9
2021-01-08 06:00:00,-1.7,74.7,1014.1,13.2
2021-01-08 07:00:00,-1.2,82.2,1014.5,8.4
2021-01-08 08:00:00,-0.6,76.1,1015.6,9.7
2021-01-08 09:00:00,-0.9,73.3,1016.8,14.0
2021-01-08 10:00:00,0.6,64.9,1015.8,8.2
2021-01-08 11:00:00,1.3,60.1,1016.7,9.4
2021-01-08 12:00:00,3.5,63.6,1017.3,24.4
2021-01-08 13:00:00,3.4,61.5,1017.0,12.1
2021-01-08 14:00:00,5.2,56.8,1016.1,23.9
2021-01-08 15:00:00,5.9,56.7,1018.5,17.4
2021-01-08 16:00:00,6.0,55.6,1017.3,18.4
2021-01-08 17:00:00,6.7,58.7,1017.4,18.9
2021-01-08 18:00:00,6.4,66.4,1018.6,15.9
2021-01-08 19:00:00,5.6,61.5,1019.1,29.9
2021-01-08 20:00:00,4.8,68.2,1019.9,15.4
2021-01-08 21:00:00,4.4,68.3,1019.2,12.7
2021-01-08 22:00:00,3.9,69.7,1019.1,13.3
2021-01-08 23:00:00,2.9,80.4,1018.9,14.0
2021-01-09 00:00:00,3.4,86.2,1019.0,8.9
2021-01-09 01:00:00,2.2,79.4,1019.4,8.5
2021-01-09 02:00:00,2.8,84.2,1019.5,16.9
2021-01-09 03:00:00,1.9,80.2,1020.0,11.6
2021-01-09 04:00:00,1.0,90.1,1020.8,12.0
2021-01-09 05:00:00,0.4,77.9,1021.5,11.5
2021-01-09 06:00:00,1.0,76.5,1020.2,10.7
2021-01-09 07:00:00,1.9,80.8,1020.2,16.6
2021-01-09 08:00:00,1.7,76.4,1018.2,11.4
2021-01-09 09:00:00,0.7,72.2,1021.6,10.1
2021-01-09 10:00:00,0.5,64.9,1020.2,9.0
2021-01-09 11:00:00,1.4,61.2,1020.0,9.3
2021-01-09 12:00:00,2.3,58.5,1021.0,17.6
2021-01-09 13:00:00,2.2,53.7,1021.9,19.1
2021-01-09 14:00:00,3.8,55.1,1022.1,16.0
2021-01-09 15:00:00,4.7,59.2,1020.0,15.2
2021-01-09 16:00:00,4.6,55.0,1021.1,18.1
2021-01-09 17:00:00,4.5,58.9,1022.0,30.4
2021-01-09 18:00:00,4.4,63.3,1020.3,22.4
2021-01-09 19:00:00,3.7,64.4,1020.6,14.2
2021-01-09 20:00:00,3.6,61.2,1021.4,11.9
2021-01-09 21:00:00,3.3,65.4,1019.9,40.3
2021-01-09 22:00:00,3.0,70.7,1022.1,19.6
2021-01-09 23:00:00,3.0,73.2,1021.5,19.7
2021-01-10 00:00:00,3.3,82.1,1020.8,8.8
2021-01-10 01:00:00,3.0,79.2,1020.8,15.9
2021-01-10 02:00:00,2.3,85.6,1021.7,9.4
2021-01-10 03:00:00,0.8,86.4,1020.6,11.1
2021-01-10 04:00:00,0.2,86.8,1022.1,19.6
2021-01-10 05:00:00,-0.1,82.2,1020.2,10.9
2021-01-10 06:00:00,-0.7,83.9,1019.9,9.4
2021-01-10 07:00:00,-1.1,78.6,1019.9,10.4
2021-01-10 08:00:00,-1.2,74.1,1019.2,32.6
2021-01-10 09:00:00,-1.0,67.7,1022.1,13.4
2021-01-10 10:00:00,-0.3,69.9,1019.3,8.3
2021-01-10 11:00:00,-0.3,59.7,1019.1,19.7
2021-01-10 12:00:00,0.6,64.6,1018.9,14.4
2021-01-10 13:00:00,1.3,53.7,1018.5,16.9
2021-01-10 14:00:00,1.8,50.7,1017.9,16.7
2021-01-10 15:00:00,1.9,53.8,1019.7,16.7
2021-01-10 16:00:00,2.9,54.2,1018.3,13.8
2021-01-10 17:00:00,4.6,59.5,1019.2,30.8
2021-01-10 18:00:00,3.7,58.1,1018.5,21.5
2021-01-10 19:00:00,3.6,57.1,1018.2,19.2
2021-01-10 20:00:00,3.5,67.4,1018.2,28.5
2021-01-10 21:00:00,3.4,73.1,1016.5,30.0
2021-01-10 22:00:00,4.1,72.8,1016.3,9.4
2021-01-10 23:00:00,4.2,74.3,1016.8,13.6
2021-01-11 00:00:00,3.0,125.0,1017.6,8.6
2021-01-11 01:00:00,0.9,83.1,1016.6,18.8
2021-01-11 02:00:00,-0.9,82.0,1016.2,16.7
2021-01-11 03:00:00,-1.0,87.1,1015.5,10.6
2021-01-11 04:00:00,-0.4,90.1,1015.3,8.5
2021-01-11 05:00:00,0.0,84.2,1015.0,11.0
2021-01-11 06:00:00,-0.7,76.3,1015.8,14.8
2021-01-11 07:00:00,-0.8,79.3,1015.4,8.5
2021-01-11 08:00:00,-1.1,74.1,1014.6,10.3
2021-01-11 09:00:00,-0.5,63.1,1014.8,17.7
2021-01-11 10:00:00,0.9,68.8,1011.7,10.2
2021-01-11 11:00:00,1.2,60.9,1013.9,8.7
2021-01-11 12:00:00,2.5,56.7,1012.7,13.8
2021-01-11 13:00:00,2.6,62.2,1013.1,11.9
2021-01-11 14:00:00,4.0,58.3,1013.9,12.7
2021-01-11 15:00:00,5.2,56.3,1013.9,14.3
2021-01-11 16:00:00,6.5,60.7,1013.6,13.6
2021-01-11 17:00:00,6.8,58.6,1012.2,14.0
2021-01-11 18:00:00,6.7,58.8,1012.9,14.2
2021-01-11 19:00:00,6.7,61.7,1011.6,12.6
2021-01-11 20:00:00,6.3,62.5,1010.9,19.1
2021-01-11 21:00:00,5.1,68.6,1010.6,14.0
2021-01-11 22:00:00,4.7,73.6,1010.7,13.0
2021-01-11 23:00:00,2.8,70.0,1010.6,8.3
2021-01-12 00:00:00,1.6,81.0,1009.4,20.0
2021-01-12 01:00:00,0.4,84.1,1009.7,12.7
2021-01-12 02:00:00,0.3,85.5,1008.6,10.0
2021-01-12 03:00:00,-0.7,88.7,1009.0,11.0
2021-01-12 04:00:00,-1.3,83.6,1008.3,13.3
2021-01-12 05:00:00,-2.5,83.6,1007.2,9.2
2021-01-12 06:00:00,-2.8,81.3,1007.8,10.7
2021-01-12 07:00:00,-1.8,80.1,1008.5,13.5
2021-01-12 08:00:00,-1.6,75.1,1008.1,16.9
2021-01-12 09:00:00,-1.0,71.1,1007.8,14.7
2021-01-12 10:00:00,0.1,62.6,1006.5,10.0
2021-01-12 11:00:00,0.6,64.5,1007.7,13.5
2021-01-12 12:00:00,1.6,53.4,1006.6,13.9
2021-01-12 13:00:00,1.0,54.7,1007.7,11.7
2021-01-12 14:00:00,1.9,53.7,1007.8,13.8
2021-01-12 15:00:00,3.7,55.3,1005.4,20.6
2021-01-12 16:00:00,5.4,48.8,1006.8,18.0
2021-01-12 17:00:00,5.1,63.8,1006.5,21.8
2021-01-12 18:00:00,5.3,61.3,1005.8,14.9
2021-01-12 19:00:00,4.9,68.6,1006.0,16.5
2021-01-12 20:00:00,4.6,67.1,1005.7,18.4
2021-01-12 21:00:00,4.2,70.7,1006.5,12.6
2021-01-12 22:00:00,3.2,77.4,1005.8,9.7
2021-01-12 23:00:00,1.9,79.2,1005.7,12.8
2021-01-13 00:00:00,1.2,78.5,1005.0,10.9
2021-01-13 01:00:00,0.1,82.3,1006.7,8.6
2021-01-13 02:00:00,-0.7,85.5,1004.9,13.5
2021-01-13 03:00:00,-1.7,87.9,1005.5,12.6
2021-01-13 04:00:00,-1.4,84.6,1005.4,9.5
2021-01-13 05:00:00,-1.2,82.8,1005.3,14.9
2021-01-13 06:00:00,-0.9,83.2,1005.0,17.0
2021-01-13 07:00:00,-1.4,77.9,1005.0,17.9
2021-01-13 08:00:00,-0.9,74.0,1006.7,12.3
2021-01-13 09:00:00,-0.9,65.8,1004.7,10.7
2021-01-13 10:00:00,0.0,66.5,1004.7,12.8
2021-01-13 11:00:00,1.9,65.8,1003.8,8.5
2021-01-13 12:00:00,3.0,57.5,1004.6,11.8
2021-01-13 13:00:00,3.4,56.0,1006.2,12.5
2021-01-13 14:00:00,4.5,58.6,1006.3,23.4
2021-01-13 15:00:00,5.7,52.2,1006.7,20.9
2021-01-13 16:00:00,6.3,53.5,1006.1,17.4
2021-01-13 17:00:00,6.9,57.3,1004.8,14.0
2021-01-13 18:00:00,7.1,55.9,1006.1,15.8
2021-01-13 19:00:00,5.9,65.9,1005.7,17.4
2021-01-13 20:00:00,4.9,61.9,1006.0,11.9
2021-01-13 21:00:00,4.3,67.6,1006.7,12.1
2021-01-13 22:00:00,4.6,75.1,1006.3,9.6
2021-01-13 23:00:00,4.5,78.1,1006.5,18.0
2021-01-14 00:00:00,4.2,77.3,1006.1,12.0
2021-01-14 01:00:00,3.2,84.6,1005.5,11.0
2021-01-14 02:00:00,2.6,80.4,1007.0,8.8
2021-01-14 03:00:00,2.4,86.3,1007.7,19.5
2021-01-14 04:00:00,1.1,88.4,1007.3,9.4
2021-01-14 05:00:00,0.6,80.0,1008.4,11.7
2021-01-14 06:00:00,0.7,83.0,1008.1,10.1
2021-01-14 07:00:00,1.2,73.2,1007.7,13.2
2021-01-14 08:00:00,1.5,74.4,1008.5,14.4
2021-01-14 09:00:00,1.3,66.4,1007.5,18.3
2021-01-14 10:00:00,1.4,69.6,1009.7,25.2
2021-01-14 11:00:00,2.6,61.5,1008.8,12.5
2021-01-14 12:00:00,3.8,58.4,1008.8,17.7
2021-01-14 13:00:00,5.2,54.3,1008.7,17.2
2021-01-14 14:00:00,5.5,52.1,1009.8,13.8
2021-01-14 15:00:00,5.5,53.8,1011.0,13.5
2021-01-14 16:00:00,6.7,54.4,1011.0,13.2
2021-01-14 17:00:00,7.2,57.8,1010.9,20.4
2021-01-14 18:00:00,7.9,54.0,1012.2,20.1
2021-01-14 19:00:00,7.8,64.5,1012.3,13.2
2021-01-14 20:00:00,7.8,61.6,1012.2,14.4
2021-01-14 21:00:00,6.8,66.2,1013.0,11.9
2021-01-14 22:00:00,5.5,74.7,1012.6,13.1
2021-01-14 23:00:00,4.1,75.5,1014.3,11.2
2021-01-15 00:00:00,3.6,78.1,1015.4,11.1
2021-01-15 01:00:00,2.2,82.4,1014.3,11.7
2021-01-15 02:00:00,2.5,83.3,1014.0,9.4
2021-01-15 03:00:00,1.4,81.1,1012.9,12.0
2021-01-15 04:00:00,1.8,88.0,1014.8,15.2
2021-01-15 05:00:00,0.8,82.1,1016.5,8.8
2021-01-15 06:00:00,-0.8,83.4,1015.2,10.2
2021-01-15 07:00:00,-0.0,78.5,1015.4,11.5
2021-01-15 08:00:00,0.4,83.5,1015.5,21.4
2021-01-15 09:00:00,0.9,72.3,1014.9,15.8
2021-01-15 10:00:00,1.8,68.0,1016.8,8.7
2021-01-15 11:00:00,1.7,61.6,1015.6,8.0
2021-01-15 12:00:00,2.9,60.5,1017.2,15.8
2021-01-15 13:00:00,3.1,55.6,1016.9,12.2
2021-01-15 14:00:00,3.9,56.4,1016.0,14.6
2021-01-15 15:00:00,5.2,60.0,1018.6,16.9
2021-01-15 16:00:00,6.5,55.9,1017.8,15.6
2021-01-15 17:00:00,7.1,55.3,1017.6,15.7
2021-01-15 18:00:00,7.1,58.3,1018.5,16.6
2021-01-15 19:00:00,6.9,53.6,1018.4,16.4
2021-01-15 20:00:00,6.1,68.3,1017.2,13.0
2021-01-15 21:00:00,4.4,75.3,1019.1,12.6
2021-01-15 22:00:00,3.9,69.7,1019.3,11.3
2021-01-15 23:00:00,2.3,81.1,1019.6,16.4
2021-01-16 00:00:00,2.3,85.3,1018.3,13.0
2021-01-16 01:00:00,1.9,83.4,1019.4,15.5
2021-01-16 02:00:00,0.8,85.1,1020.4,8.2
2021-01-16 03:00:00,0.3,88.3,1019.6,30.6
2021-01-16 04:00:00,-0.5,83.9,1020.2,10.2
2021-01-16 05:00:00,-1.1,84.1,1018.7,10.0
2021-01-16 06:00:00,-0.7,82.6,1021.5,19.3
2021-01-16 07:00:00,-1.2,71.4,1022.0,11.4
2021-01-16 08:00:00,-2.1,74.0,1019.3,14.5
2021-01-16 09:00:00,-1.4,73.6,1021.3,16.6
2021-01-16 10:00:00,-1.0,65.4,1021.9,9.8
2021-01-16 11:00:00,0.5,60.0,1020.5,13.9
2021-01-16 12:00:00,1.5,60.1,1021.6,40.8
2021-01-16 13:00:00,2.1,55.7,1023.3,25.3
2021-01-16 14:00:00,3.9,57.5,1020.2,17.2
2021-01-16 15:00:00,5.6,56.6,1021.1,17.0
2021-01-16 16:00:00,6.1,54.7,1022.5,15.1
2021-01-16 17:00:00,6.9,54.1,1021.9,17.6
2021-01-16 18:00:00,6.4,52.8,1020.3,17.1
2021-01-16 19:00:00,7.1,59.5,1021.1,17.6
2021-01-16 20:00:00,6.8,-12.0,1021.1,14.0
2021-01-16 21:00:00,5.5,67.8,1021.0,12.0
2021-01-16 22:00:00,3.1,77.2,1020.8,12.7
2021-01-16 23:00:00,4.0,81.7,1022.2,11.0
2021-01-17 00:00:00,3.8,78.7,1022.1,17.3
2021-01-17 01:00:00,3.4,81.8,1021.6,8.3
2021-01-17 02:00:00,1.3,82.8,1021.6,21.1
2021-01-17 03:00:00,-0.0,81.5,1019.7,11.6
2021-01-17 04:00:00,-0.1,85.9,1021.6,8.1
2021-01-17 05:00:00,0.5,80.3,1020.3,16.1
2021-01-17 06:00:00,-0.5,79.3,1021.0,45.0
2021-01-17 07:00:00,-0.1,76.8,1019.4,15.3
2021-01-17 08:00:00,0.3,72.8,1021.3,11.0
2021-01-17 09:00:00,0.6,68.8,1019.4,18.5
2021-01-17 10:00:00,1.4,61.9,1020.7,10.8
2021-01-17 11:00:00,3.6,63.4,1019.5,8.7
2021-01-17 12:00:00,4.4,60.9,1019.0,11.4
2021-01-17 13:00:00,5.9,62.9,1018.7,19.9
2021-01-17 14:00:00,6.4,59.8,1018.7,13.3
2021-01-17 15:00:00,6.7,51.5,1018.7,13.3
2021-01-17 16:00:00,7.4,54.9,1018.0,17.5
2021-01-17 17:00:00,6.8,59.1,1017.6,21.7
2021-01-17 18:00:00,7.1,59.6,1017.6,18.1
2021-01-17 19:00:00,6.4,62.8,1017.2,17.4
2021-01-17 20:00:00,5.3,66.2,1017.3,14.8
2021-01-17 21:00:00,6.5,71.5,1016.4,12.3
2021-01-17 22:00:00,6.0,74.3,1016.4,10.4
2021-01-17 23:00:00,5.4,75.5,1016.6,14.3
2021-01-18 00:00:00,4.4,74.7,1017.1,10.3
2021-01-18 01:00:00,3.4,80.6,1016.2,11.1
2021-01-18 02:00:00,2.5,86.7,1016.7,10.4
2021-01-18 03:00:00,2.0,83.3,1015.5,18.0
2021-01-18 04:00:00,1.7,86.7,1015.0,15.2
2021-01-18 05:00:00,0.9,79.4,1015.3,11.5
2021-01-18 06:00:00,0.6,81.2,1015.9,25.0
2021-01-18 07:00:00,0.4,78.1,1015.5,8.3
2021-01-18 08:00:00,-0.6,74.1,1013.9,11.8
2021-01-18 09:00:00,-0.6,71.8,1013.4,18.7
2021-01-18 10:00:00,0.1,61.1,1013.3,12.2
2021-01-18 11:00:00,1.5,63.8,1014.5,8.4
2021-01-18 12:00:00,1.4,59.3,1012.8,15.0
2021-01-18 13:00:00,4.3,63.0,1014.4,13.0
2021-01-18 14:00:00,5.2,52.9,1013.9,12.6
2021-01-18 15:00:00,5.5,51.5,1012.3,12.6
2021-01-18 16:00:00,6.4,57.6,1011.2,17.5
2021-01-18 17:00:00,6.8,54.3,1011.7,17.7
2021-01-18 18:00:00,7.9,67.2,1011.4,14.9
2021-01-18 19:00:00,7.2,64.2,1010.3,18.5
2021-01-18 20:00:00,6.6,71.4,1010.1,31.1
2021-01-18 21:00:00,6.8,65.4,1009.9,17.0
2021-01-18 22:00:00,6.0,73.2,1008.3,16.9
2021-01-18 23:00:00,5.4,78.1,1009.0,14.4
2021-01-19 00:00:00,4.2,79.7,1009.0,17.2
2021-01-19 01:00:00,2.7,85.7,1010.5,8.2
2021-01-19 02:00:00,2.2,84.0,1009.9,8.8
2021-01-19 03:00:00,1.6,83.9,1008.2,15.5
2021-01-19 04:00:00,2.1,81.6,1008.7,8.7
2021-01-19 05:00:00,1.3,83.7,1009.2,13.4
2021-01-19 06:00:00,0.5,80.2,1009.1,10.1
2021-01-19 07:00:00,1.7,74.4,1009.1,14.4
2021-01-19 08:00:00,1.2,70.3,1007.4,9.4
2021-01-19 09:00:00,1.3,68.0,1007.4,26.0
2021-01-19 10:00:00,1.7,68.5,1007.7,9.9
2021-01-19 11:00:00,3.4,58.4,1008.7,15.9
2021-01-19 12:00:00,4.0,60.9,1006.6,28.9
2021-01-19 13:00:00,4.2,60.1,1005.0,18.7
2021-01-19 14:00:00,4.8,57.9,1006.5,14.5
2021-01-19 15:00:00,5.0,54.9,1007.4,13.5
2021-01-19 16:00:00,4.3,53.8,1006.2,17.6
2021-01-19 17:00:00,4.7,55.1,1005.9,18.5
2021-01-19 18:00:00,4.3,58.6,1006.8,19.1
2021-01-19 19:00:00,4.9,66.7,1006.7,12.4
2021-01-19 20:00:00,3.6,64.0,1004.2,22.1
2021-01-19 21:00:00,4.4,68.0,1005.8,27.1
2021-01-19 22:00:00,3.6,77.8,1005.9,13.6
2021-01-19 23:00:00,3.0,72.8,1005.2,21.8
2021-01-20 00:00:00,2.8,79.6,1005.8,20.6
2021-01-20 01:00:00,1.9,86.0,1005.4,11.4
2021-01-20 02:00:00,2.7,81.5,1006.8,8.0
2021-01-20 03:00:00,1.4,83.7,1005.1,28.4
2021-01-20 04:00:00,0.5,93.3,1004.4,21.9
2021-01-20 05:00:00,0.0,85.0,1004.5,9.1
2021-01-20 06:00:00,0.2,81.8,1004.7,9.0
2021-01-20 07:00:00,0.4,77.1,1003.8,12.2
2021-01-20 08:00:00,0.7,72.0,1006.3,16.8
2021-01-20 09:00:00,0.1,68.7,1005.3,13.5
2021-01-20 10:00:00,1.0,67.6,1005.1,9.5
2021-01-20 11:00:00,2.3,63.0,1006.7,23.4
2021-01-20 12:00:00,2.8,63.9,1006.6,15.2
2021-01-20 13:00:00,3.8,58.4,1005.7,12.3
2021-01-20 14:00:00,4.1,57.5,1006.6,13.4
2021-01-20 15:00:00,4.3,59.9,1006.9,14.1
2021-01-20 16:00:00,4.8,54.1,1006.1,19.7
2021-01-20 17:00:00,5.7,54.6,1005.4,17.0
2021-01-20 18:00:00,5.3,60.1,1005.8,14.3
2021-01-20 19:00:00,5.1,62.7,1004.6,12.8
2021-01-20 20:00:00,4.3,67.7,1007.2,11.9
2021-01-20 21:00:00,4.5,66.6,1006.2,14.8
2021-01-20 22:00:00,4.5,76.0,1006.2,10.4
2021-01-20 23:00:00,3.9,76.4,1006.6,11.6
2021-01-21 00:00:00,3.5,77.5,1006.1,8.3
2021-01-21 01:00:00,2.7,77.7,1007.5,14.4
2021-01-21 02:00:00,1.1,87.8,1007.4,8.2
2021-01-21 03:00:00,-0.2,84.4,1007.8,33.7
2021-01-21 04:00:00,-0.2,84.0,1008.0,10.6
2021-01-21 05:00:00,-0.5,83.6,1006.7,27.2
2021-01-21 06:00:00,-0.8,78.1,1009.0,18.2
2021-01-21 07:00:00,-0.6,79.9,1008.1,13.7
2021-01-21 08:00:00,-0.6,70.7,1008.3,9.0
2021-01-21 09:00:00,-0.4,66.4,1008.8,14.5
2021-01-21 10:00:00,0.5,66.4,1009.9,13.6
2021-01-21 11:00:00,1.5,58.9,1009.2,16.7
2021-01-21 12:00:00,2.5,62.2,1009.5,15.7
2021-01-21 13:00:00,4.9,61.2,1011.0,13.2
2021-01-21 14:00:00,5.7,49.3,1010.9,12.1
2021-01-21 15:00:00,6.4,59.0,1010.8,18.4
2021-01-21 16:00:00,7.8,57.0,1010.4,14.1
2021-01-21 17:00:00,8.2,57.7,1011.0,16.5
2021-01-21 18:00:00,7.9,64.7,1011.4,17.4
2021-01-21 19:00:00,7.2,61.3,1011.1,14.1
2021-01-21 20:00:00,7.5,69.6,1012.2,11.9
2021-01-21 21:00:00,7.4,75.9,1011.8,22.6
2021-01-21 22:00:00,6.2,71.6,1010.5,23.5
2021-01-21 23:00:00,5.5,75.0,1011.7,9.9
2021-01-22 00:00:00,4.3,81.5,1012.3,11.2
2021-01-22 01:00:00,4.2,84.5,1013.0,14.1
2021-01-22 02:00:00,3.7,78.2,1011.9,12.1
2021-01-22 03:00:00,2.2,86.5,1014.6,9.1
2021-01-22 04:00:00,0.8,79.1,1014.6,14.4
2021-01-22 05:00:00,0.3,83.9,1015.3,13.6
2021-01-22 06:00:00,-0.8,76.9,720.0,14.4
2021-01-22 07:00:00,0.4,74.3,1015.0,18.2
2021-01-22 08:00:00,-0.0,80.4,1017.5,24.4
2021-01-22 09:00:00,0.7,78.7,1018.0,11.3
2021-01-22 10:00:00,1.4,70.2,1016.7,12.0
2021-01-22 11:00:00,3.5,63.0,1015.7,11.8
2021-01-22 12:00:00,3.9,61.2,1015.8,9.8
2021-01-22 13:00:00,4.7,60.4,1016.9,19.7
2021-01-22 14:00:00,5.9,54.0,1016.4,12.8
2021-01-22 15:00:00,6.9,56.4,1018.0,26.0
2021-01-22 16:00:00,6.8,54.0,1018.2,15.2
2021-01-22 17:00:00,7.6,58.8,1017.2,18.3
2021-01-22 18:00:00,7.5,57.3,1019.1,18.0
2021-01-22 19:00:00,6.0,60.7,1018.5,20.3
2021-01-22 20:00:00,6.4,70.3,1016.9,15.4
2021-01-22 21:00:00,6.1,69.3,1018.7,10.7
2021-01-22 22:00:00,6.4,67.9,1018.4,12.0
2021-01-22 23:00:00,4.7,78.7,1018.8,14.1
2021-01-23 00:00:00,4.6,80.8,1018.7,13.5
2021-01-23 01:00:00,4.4,80.4,1019.1,11.3
2021-01-23 02:00:00,4.2,84.6,1020.8,9.6
2021-01-23 03:00:00,3.3,85.6,1020.0,16.4
2021-01-23 04:00:00,2.1,79.7,1020.5,8.5
2021-01-23 05:00:00,1.4,84.2,1020.7,11.7
2021-01-23 06:00:00,1.4,78.4,1019.8,10.6
2021-01-23 07:00:00,1.7,69.1,1019.6,9.3
2021-01-23 08:00:00,1.3,68.6,1019.8,15.1
2021-01-23 09:00:00,0.8,72.4,1021.2,12.0
2021-01-23 10:00:00,1.6,66.3,1021.3,10.8
2021-01-23 11:00:00,3.0,63.3,1020.0,17.8
2021-01-23 12:00:00,4.4,61.5,1021.6,19.4
2021-01-23 13:00:00,5.2,59.6,1020.5,10.7
2021-01-23 14:00:00,7.1,58.6,1022.0,11.7
2021-01-23 15:00:00,7.1,57.4,1020.9,28.6
2021-01-23 16:00:00,6.7,52.9,1021.0,13.2
2021-01-23 17:00:00,6.5,58.2,1021.8,22.0
2021-01-23 18:00:00,5.8,63.5,1020.6,13.6
2021-01-23 19:00:00,6.8,67.3,1021.2,15.8
2021-01-23 20:00:00,6.8,66.0,1019.8,13.6
2021-01-23 21:00:00,6.9,70.9,1019.2,13.0
2021-01-23 22:00:00,6.2,73.2,1020.8,12.7
2021-01-23 23:00:00,7.3,73.1,1022.6,10.8
2021-01-24 00:00:00,5.8,76.6,1022.0,16.0
2021-01-24 01:00:00,5.2,82.7,1020.7,8.8
2021-01-24 02:00:00,4.0,80.4,1020.8,8.6
2021-01-24 03:00:00,2.6,87.6,1020.8,10.2
2021-01-24 04:00:00,1.9,86.1,1021.0,12.0
2021-01-24 05:00:00,2.1,82.4,1020.7,10.2
2021-01-24 06:00:00,2.4,82.8,1020.1,9.7
2021-01-24 07:00:00,2.8,76.5,1020.5,19.6
2021-01-24 08:00:00,4.1,69.2,1019.7,10.4
2021-01-24 09:00:00,4.0,71.6,1020.5,11.4
2021-01-24 10:00:00,4.8,67.4,1019.1,8.4
2021-01-24 11:00:00,5.5,62.5,1020.3,12.9
2021-01-24 12:00:00,5.6,58.3,1020.0,24.2
2021-01-24 13:00:00,6.5,54.9,1020.3,18.7
2021-01-24 14:00:00,6.7,57.9,1019.7,29.8
2021-01-24 15:00:00,6.2,56.7,1019.4,27.0
2021-01-24 16:00:00,6.9,58.0,1020.7,14.6
2021-01-24 17:00:00,6.9,55.8,1017.6,17.3
2021-01-24 18:00:00,7.2,62.3,1018.6,13.4
2021-01-24 19:00:00,6.6,58.8,1017.6,16.3
2021-01-24 20:00:00,6.2,62.7,1018.6,17.7
2021-01-24 21:00:00,5.7,67.7,1017.8,16.4
2021-01-24 22:00:00,5.6,69.0,1016.5,14.3
2021-01-24 23:00:00,5.4,77.7,1018.2,14.3
2021-01-25 00:00:00,4.6,79.5,1017.6,10.6
2021-01-25 01:00:00,3.7,76.2,1016.4,13.9
2021-01-25 02:00:00,1.9,83.1,1015.1,11.8
2021-01-25 03:00:00,2.4,84.2,1015.6,15.3
2021-01-25 04:00:00,1.5,82.1,1015.5,28.6
2021-01-25 05:00:00,1.0,81.7,1014.6,15.0
2021-01-25 06:00:00,1.4,79.9,1015.6,11.6
2021-01-25 07:00:00,1.5,73.6,1014.6,12.3
2021-01-25 08:00:00,1.1,74.9,1014.6,11.5
2021-01-25 09:00:00,0.8,69.6,1014.3,8.6
2021-01-25 10:00:00,0.2,70.0,1015.3,8.8
2021-01-25 11:00:00,2.2,61.2,1014.4,9.2
2021-01-25 12:00:00,2.5,59.8,1012.1,11.2
2021-01-25 13:00:00,3.9,55.3,1014.3,11.1
2021-01-25 14:00:00,5.3,52.0,1012.4,32.2
2021-01-25 15:00:00,5.7,55.1,1012.8,13.2
2021-01-25 16:00:00,5.0,52.7,1012.2,13.8
2021-01-25 17:00:00,6.3,55.0,1011.1,13.1
2021-01-25 18:00:00,6.3,58.1,1010.8,18.9
2021-01-25 19:00:00,6.1,63.9,1012.5,20.6
2021-01-25 20:00:00,6.3,66.7,1011.2,13.5
2021-01-25 21:00:00,5.7,67.7,1010.8,20.4
2021-01-25 22:00:00,4.4,73.1,1009.4,13.7
2021-01-25 23:00:00,3.5,74.2,1011.3,12.8
2021-01-26 00:00:00,3.4,76.3,1009.5,8.4
2021-01-26 01:00:00,3.5,84.0,1009.8,9.8
2021-01-26 02:00:00,3.2,88.7,1008.4,8.7
2021-01-26 03:00:00,2.4,83.6,1009.3,13.0
2021-01-26 04:00:00,1.5,80.4,1009.8,11.4
2021-01-26 05:00:00,1.2,84.6,1009.0,11.0
2021-01-26 06:00:00,1.6,81.5,1008.7,16.4
2021-01-26 07:00:00,1.6,81.0,1007.8,11.4
2021-01-26 08:00:00,1.5,71.0,1008.3,8.4
2021-01-26 09:00:00,1.3,75.0,1007.9,9.7
2021-01-26 10:00:00,1.9,69.8,1007.8,14.8
2021-01-26 11:00:00,3.3,62.9,1006.2,8.6
2021-01-26 12:00:00,4.9,62.8,1007.3,17.9
2021-01-26 13:00:00,5.1,61.6,1007.1,14.5
2021-01-26 14:00:00,6.1,55.4,1007.3,13.3
2021-01-26 15:00:00,5.9,58.3,1006.5,14.5
2021-01-26 16:00:00,6.8,52.6,1007.7,14.2
2021-01-26 17:00:00,7.2,58.5,1005.2,15.2
2021-01-26 18:00:00,7.2,55.3,1006.3,14.0
2021-01-26 19:00:00,7.5,62.8,1006.2,14.5
2021-01-26 20:00:00,7.1,69.8,1005.2,13.2
2021-01-26 21:00:00,7.5,69.4,1007.3,31.7
2021-01-26 22:00:00,6.7,72.7,1007.0,21.8
2021-01-26 23:00:00,5.7,83.5,1005.4,8.7
2021-01-27 00:00:00,5.2,78.9,1005.1,15.2
2021-01-27 01:00:00,3.2,81.4,1004.6,12.3
2021-01-27 02:00:00,2.5,87.6,1004.3,18.6
2021-01-27 03:00:00,2.1,88.0,1005.8,9.6
2021-01-27 04:00:00,2.1,83.4,1006.0,8.0
2021-01-27 05:00:00,1.6,83.7,1004.0,14.6
2021-01-27 06:00:00,0.5,81.8,1005.1,11.8
2021-01-27 07:00:00,0.8,78.1,1006.1,9.2
2021-01-27 08:00:00,1.0,79.5,1004.7,12.2
2021-01-27 09:00:00,2.2,67.3,1005.4,13.7
2021-01-27 10:00:00,3.0,66.5,1005.5,8.7
2021-01-27 11:00:00,3.1,64.5,1004.7,8.0
2021-01-27 12:00:00,4.3,58.9,1005.3,14.5
2021-01-27 13:00:00,4.8,60.8,1007.1,12.1
2021-01-27 14:00:00,5.4,53.6,1004.4,12.4
2021-01-27 15:00:00,7.1,53.0,1006.1,18.3
2021-01-27 16:00:00,7.7,59.9,1005.8,16.1
2021-01-27 17:00:00,7.9,58.5,1006.3,18.7
2021-01-27 18:00:00,9.0,59.7,1007.0,15.6
2021-01-27 19:00:00,7.1,63.3,1006.4,14.7
2021-01-27 20:00:00,6.9,64.7,1005.7,12.3
2021-01-27 21:00:00,7.7,70.7,1005.2,11.2
2021-01-27 22:00:00,7.3,73.8,1006.5,14.5
2021-01-27 23:00:00,6.5,73.0,1007.3,12.9
2021-01-28 00:00:00,5.9,83.1,1006.4,8.5
2021-01-28 01:00:00,3.8,87.0,1008.0,12.5
2021-01-28 02:00:00,1.9,89.6,1007.2,9.6
2021-01-28 03:00:00,1.7,88.3,1008.1,12.6
2021-01-28 04:00:00,0.5,81.2,1007.2,13.4
2021-01-28 05:00:00,-0.7,81.8,1008.9,11.6
2021-01-28 06:00:00,-0.6,78.1,1009.9,23.5
2021-01-28 07:00:00,0.2,76.0,1008.5,11.5
2021-01-28 08:00:00,0.0,71.8,1011.1,21.6
2021-01-28 09:00:00,0.5,74.0,1010.2,12.2
2021-01-28 10:00:00,0.7,69.5,1009.4,15.4
2021-01-28 11:00:00,0.3,63.6,1009.5,9.5
2021-01-28 12:00:00,1.8,59.7,1010.0,14.2
2021-01-28 13:00:00,2.3,53.9,1010.0,16.6
2021-01-28 14:00:00,4.2,57.4,1009.8,13.4
2021-01-28 15:00:00,4.8,53.0,1010.6,20.6
2021-01-28 16:00:00,5.1,54.8,1009.9,18.5
2021-01-28 17:00:00,4.9,61.3,1011.7,19.5
2021-01-28 18:00:00,5.6,58.5,1012.2,15.8
2021-01-28 19:00:00,6.3,60.5,1011.3,19.1
2021-01-28 20:00:00,6.2,64.6,1011.7,12.4
2021-01-28 21:00:00,5.1,73.5,1012.1,18.1
2021-01-28 22:00:00,4.7,72.1,1013.6,10.9
2021-01-28 23:00:00,5.0,81.4,1012.1,8.1
2021-01-29 00:00:00,4.5,78.4,1014.4,12.3
2021-01-29 01:00:00,4.1,85.9,1014.0,10.2
2021-01-29 02:00:00,2.6,84.5,1013.4,8.5
2021-01-29 03:00:00,2.4,80.7,1013.6,9.3
2021-01-29 04:00:00,1.7,84.4,1014.8,11.2
2021-01-29 05:00:00,1.0,81.7,1015.0,21.4
2021-01-29 06:00:00,1.4,77.6,1016.2,10.7
2021-01-29 07:00:00,1.0,76.1,1016.1,14.4
2021-01-29 08:00:00,1.3,75.1,1014.9,19.6
2021-01-29 09:00:00,2.3,72.3,1017.2,27.9
2021-01-29 10:00:00,3.1,65.8,1015.5,17.3
2021-01-29 11:00:00,3.9,60.7,1017.3,8.0
2021-01-29 12:00:00,4.9,63.1,1016.3,12.4
2021-01-29 13:00:00,6.5,54.1,1016.5,17.9
2021-01-29 14:00:00,7.5,61.6,1017.3,11.6
2021-01-29 15:00:00,7.6,53.2,1017.8,14.5
2021-01-29 16:00:00,8.7,50.3,1017.8,18.2
2021-01-29 17:00:00,8.9,59.8,1017.0,13.5
2021-01-29 18:00:00,8.4,59.0,1160.0,41.8
2021-01-29 19:00:00,8.4,62.2,1018.1,25.0
2021-01-29 20:00:00,8.6,63.9,1018.5,29.9
2021-01-29 21:00:00,7.5,71.2,1019.1,11.2
2021-01-29 22:00:00,7.0,72.8,1018.3,25.9
2021-01-29 23:00:00,5.9,77.7,1019.9,9.9
2021-01-30 00:00:00,5.4,76.2,1019.4,9.6
2021-01-30 01:00:00,4.0,84.8,1019.9,15.6
2021-01-30 02:00:00,3.0,83.6,1020.3,10.6
2021-01-30 03:00:00,3.0,77.4,1019.6,9.2
2021-01-30 04:00:00,2.2,86.7,1020.5,13.8
2021-01-30 05:00:00,2.1,85.1,1019.2,8.2
2021-01-30 06:00:00,2.1,78.3,1021.0,10.2
2021-01-30 07:00:00,2.4,73.0,1020.5,9.5
2021-01-30 08:00:00,2.7,73.8,1020.0,14.9
2021-01-30 09:00:00,3.4,70.0,1021.7,16.1
2021-01-30 10:00:00,3.9,66.5,1022.0,8.7
2021-01-30 11:00:00,3.0,63.8,1020.3,13.0
2021-01-30 12:00:00,3.4,56.3,1021.0,9.4
2021-01-30 13:00:00,5.5,63.0,1021.8,13.4
2021-01-30 14:00:00,7.2,60.2,1021.5,11.8
2021-01-30 15:00:00,7.3,53.2,1021.3,16.6
2021-01-30 16:00:00,8.1,52.8,1022.4,13.8
2021-01-30 17:00:00,8.5,57.4,1021.7,14.6
2021-01-30 18:00:00,8.7,58.9,1020.8,14.6
2021-01-30 19:00:00,8.3,59.3,1021.8,12.6
2021-01-30 20:00:00,8.0,67.7,1021.7,15.3
2021-01-30 21:00:00,8.7,66.3,1020.1,18.4
2021-01-30 22:00:00,8.9,73.5,1020.5,12.6
2021-01-30 23:00:00,8.5,80.5,1020.6,10.5
2021-01-31 00:00:00,7.5,83.0,1021.4,15.5
2021-01-31 01:00:00,7.6,91.6,1021.9,11.8
2021-01-31 02:00:00,6.6,72.7,1021.3,13.3
2021-01-31 03:00:00,5.4,84.4,1022.3,20.5
2021-01-31 04:00:00,6.4,88.0,1021.0,16.0
2021-01-31 05:00:00,6.6,79.5,1021.8,17.3
2021-01-31 06:00:00,6.1,84.2,1020.9,20.3
2021-01-31 07:00:00,4.6,82.1,1020.5,22.7
2021-01-31 08:00:00,3.7,72.4,1021.1,18.7
2021-01-31 09:00:00,5.6,67.4,1020.1,11.4
2021-01-31 10:00:00,6.1,67.3,1020.1,8.0
2021-01-31 11:00:00,7.1,64.3,1019.4,8.7
2021-01-31 12:00:00,7.1,52.8,1019.9,9.4
2021-01-31 13:00:00,7.2,51.3,1018.4,17.9
2021-01-31 14:00:00,8.4,50.6,1019.9,25.8
2021-01-31 15:00:00,8.7,53.9,1019.1,14.1
2021-01-31 16:00:00,9.2,56.8,1020.0,29.0
2021-01-31 17:00:00,9.0,55.9,1018.1,30.3
2021-01-31 18:00:00,8.6,52.9,1018.4,17.3
2021-01-31 19:00:00,8.1,63.7,1018.6,18.2
2021-01-31 20:00:00,8.5,69.6,1019.6,14.0
2021-01-31 21:00:00,7.6,77.8,1017.4,10.7
2021-01-31 22:00:00,5.9,69.8,1017.8,13.5
2021-01-31 23:00:00,5.2,79.0,1016.8,14.8
2021-02-01 00:00:00,4.7,89.1,1017.5,8.5
2021-02-01 01:00:00,5.1,81.9,1015.3,18.9
2021-02-01 02:00:00,3.8,85.3,1016.2,9.5
2021-02-01 03:00:00,3.3,85.1,1015.9,10.4
2021-02-01 04:00:00,2.5,76.6,1016.3,10.4
2021-02-01 05:00:00,1.7,81.7,1015.2,11.3
2021-02-01 06:00:00,2.2,77.3,1014.8,8.4
2021-02-01 07:00:00,1.8,78.9,1014.2,9.9
2021-02-01 08:00:00,2.3,73.5,1014.8,14.6
2021-02-01 09:00:00,3.3,63.9,1013.6,8.5
2021-02-01 10:00:00,3.1,63.8,1013.6,22.3
2021-02-01 11:00:00,3.9,65.7,1015.0,8.9
2021-02-01 12:00:00,5.0,60.6,1013.7,15.7
2021-02-01 13:00:00,6.7,56.7,1012.3,12.2
2021-02-01 14:00:00,7.4,56.5,1011.3,12.4
2021-02-01 15:00:00,7.4,53.0,1013.0,14.1
2021-02-01 16:00:00,7.5,52.1,1012.1,13.8
2021-02-01 17:00:00,8.1,56.7,1012.1,22.3
2021-02-01 18:00:00,8.1,62.2,1010.3,13.3
2021-02-01 19:00:00,8.1,60.7,1011.0,23.2
2021-02-01 20:00:00,7.5,68.5,1010.8,12.8
2021-02-01 21:00:00,7.8,69.9,1010.9,17.5
2021-02-01 22:00:00,7.1,72.8,1009.8,26.9
2021-02-01 23:00:00,7.0,74.3,1009.5,17.2
2021-02-02 00:00:00,6.3,77.8,1008.2,11.2
2021-02-02 01:00:00,5.1,85.5,1008.9,8.4
2021-02-02 02:00:00,5.1,81.8,1007.5,16.1
2021-02-02 03:00:00,4.2,83.2,1008.0,8.6
2021-02-02 04:00:00,3.5,82.6,1010.9,16.3
2021-02-02 05:00:00,2.8,85.2,1009.1,30.2
2021-02-02 06:00:00,0.7,84.7,1007.2,9.5
2021-02-02 07:00:00,0.1,83.1,1007.1,8.3
2021-02-02 08:00:00,0.2,75.8,1007.5,11.1
2021-02-02 09:00:00,1.4,73.7,1006.6,12.9
2021-02-02 10:00:00,1.6,65.7,1007.0,12.4
2021-02-02 11:00:00,2.8,62.9,1005.3,20.9
2021-02-02 12:00:00,3.5,58.9,1006.8,11.4
2021-02-02 13:00:00,5.3,54.5,1007.2,13.8
2021-02-02 14:00:00,6.1,55.0,1006.6,16.2
2021-02-02 15:00:00,7.2,54.7,1006.3,23.3
2021-02-02 16:00:00,7.6,57.4,1006.3,24.2
2021-02-02 17:00:00,6.6,62.5,1006.4,14.8
2021-02-02 18:00:00,6.9,62.8,1005.9,23.0
2021-02-02 19:00:00,6.9,67.9,1007.5,15.3
2021-02-02 20:00:00,7.1,64.0,1004.8,12.6
2021-02-02 21:00:00,7.3,71.3,1007.1,17.3
2021-02-02 22:00:00,6.8,67.9,1006.0,10.2
2021-02-02 23:00:00,5.5,76.2,1006.4,8.7
2021-02-03 00:00:00,5.6,75.6,1006.0,16.9
2021-02-03 01:00:00,4.9,84.2,1004.9,11.0
2021-02-03 02:00:00,4.9,82.2,1005.1,11.5
2021-02-03 03:00:00,5.2,84.0,1005.0,8.2
2021-02-03 04:00:00,3.8,87.4,1006.0,12.4
2021-02-03 05:00:00,4.4,81.9,1005.6,19.2
2021-02-03 06:00:00,3.9,76.0,1005.1,8.9
2021-02-03 07:00:00,4.2,70.5,1004.3,17.7
2021-02-03 08:00:00,3.7,70.3,1005.2,8.1
2021-02-03 09:00:00,4.5,71.0,1004.0,8.0
2021-02-03 10:00:00,5.6,63.8,1005.3,9.5
2021-02-03 11:00:00,6.0,63.4,1004.7,25.1
2021-02-03 12:00:00,6.2,56.9,1004.9,10.7
2021-02-03 13:00:00,7.2,52.6,1005.8,19.2
2021-02-03 14:00:00,7.6,56.4,1004.4,20.8
2021-02-03 15:00:00,8.1,52.0,1006.5,17.0
2021-02-03 16:00:00,8.5,56.9,1008.0,17.9
2021-02-03 17:00:00,9.5,58.5,1005.4,19.2
2021-02-03 18:00:00,10.0,57.8,1006.8,24.3
2021-02-03 19:00:00,10.6,64.3,1004.8,16.9
2021-02-03 20:00:00,9.5,62.3,1006.1,41.4
2021-02-03 21:00:00,8.1,69.8,1007.3,13.0
2021-02-03 22:00:00,8.4,74.9,1006.2,15.8
2021-02-03 23:00:00,7.3,78.1,1007.8,15.7
2021-02-04 00:00:00,7.2,78.1,1005.5,17.2
2021-02-04 01:00:00,6.1,84.3,1006.8,8.5
2021-02-04 02:00:00,5.5,86.2,1007.9,9.0
2021-02-04 03:00:00,3.6,83.8,1006.9,8.5
2021-02-04 04:00:00,2.5,88.4,1007.3,10.0
2021-02-04 05:00:00,3.1,82.8,1008.7,17.5
2021-02-04 06:00:00,1.7,81.7,1006.6,8.4
2021-02-04 07:00:00,1.1,80.2,1007.9,18.1
2021-02-04 08:00:00,1.2,75.6,1010.2,8.7
2021-02-04 09:00:00,2.2,70.9,1009.8,12.2
2021-02-04 10:00:00,3.5,64.3,1008.7,15.5
2021-02-04 11:00:00,5.2,58.3,1009.6,9.0
2021-02-04 12:00:00,5.8,59.2,1009.6,10.2
2021-02-04 13:00:00,7.6,57.3,1009.1,17.7
2021-02-04 14:00:00,8.9,57.7,1009.8,28.3
2021-02-04 15:00:00,8.8,54.4,1010.8,13.4
2021-02-04 16:00:00,9.1,55.9,1010.2,13.9
2021-02-04 17:00:00,10.4,55.1,1010.2,14.4
2021-02-04 18:00:00,10.1,56.8,1012.0,17.3
2021-02-04 19:00:00,10.3,65.3,1013.1,14.1
2021-02-04 20:00:00,9.6,70.8,1011.5,22.5
2021-02-04 21:00:00,8.7,72.7,1012.3,22.1
2021-02-04 22:00:00,7.8,75.4,1014.3,11.9
2021-02-04 23:00:00,6.6,78.2,1014.2,8.7
2021-02-05 00:00:00,5.7,76.6,1013.6,13.3
2021-02-05 01:00:00,5.4,89.0,1013.9,9.5
2021-02-05 02:00:00,4.4,84.3,1015.0,13.3
2021-02-05 03:00:00,3.7,89.6,1014.3,10.7
2021-02-05 04:00:00,2.6,87.1,1014.0,13.9
2021-02-05 05:00:00,2.3,81.3,1014.2,13.4
2021-02-05 06:00:00,2.0,78.6,1014.7,16.9
2021-02-05 07:00:00,1.9,81.3,1016.1,8.6
2021-02-05 08:00:00,2.5,74.8,1015.8,9.5
2021-02-05 09:00:00,3.3,68.0,1015.8,14.1
2021-02-05 10:00:00,3.9,66.9,1015.6,145.0
2021-02-05 11:00:00,4.6,62.4,1016.5,13.6
2021-02-05 12:00:00,6.4,56.2,1016.5,9.8
2021-02-05 13:00:00,6.8,52.2,1016.9,11.0
2021-02-05 14:00:00,7.5,57.7,1017.9,14.7
2021-02-05 15:00:00,8.1,56.5,1017.8,12.5
2021-02-05 16:00:00,8.3,60.7,1017.3,13.3
2021-02-05 17:00:00,9.6,57.1,1017.8,22.6
2021-02-05 18:00:00,9.5,57.8,1017.7,17.7
2021-02-05 19:00:00,9.9,63.5,1018.2,20.8
2021-02-05 20:00:00,9.7,68.9,1019.3,14.0
2021-02-05 21:00:00,9.0,73.2,1017.7,15.7
2021-02-05 22:00:00,8.4,72.5,1019.0,23.6
2021-02-05 23:00:00,7.4,79.2,1020.0,12.5
2021-02-06 00:00:00,6.8,76.3,1019.8,10.2
2021-02-06 01:00:00,6.4,87.5,1019.9,17.1
2021-02-06 02:00:00,5.8,84.2,1020.2,10.6
2021-02-06 03:00:00,4.8,87.2,1020.2,9.9
2021-02-06 04:00:00,3.8,80.2,1020.3,12.2
2021-02-06 05:00:00,2.6,87.4,1020.2,10.1
2021-02-06 06:00:00,1.5,79.9,1021.4,9.4
2021-02-06 07:00:00,2.2,74.9,1021.6,10.4
2021-02-06 08:00:00,2.9,70.6,1021.0,13.2
2021-02-06 09:00:00,3.4,73.2,1022.1,17.5
2021-02-06 10:00:00,4.1,65.3,1020.3,25.6
2021-02-06 11:00:00,4.9,64.5,1021.2,13.2
2021-02-06 12:00:00,5.3,60.6,1019.7,12.3
2021-02-06 13:00:00,6.5,59.0,1020.4,11.1
2021-02-06 14:00:00,6.4,55.6,1021.8,15.6
2021-02-06 15:00:00,7.6,56.3,1021.2,17.0
2021-02-06 16:00:00,7.8,53.8,1020.7,18.4
2021-02-06 17:00:00,8.3,59.7,1021.0,13.3
2021-02-06 18:00:00,8.7,62.6,1020.2,16.0
2021-02-06 19:00:00,8.4,59.9,1020.2,12.9
2021-02-06 20:00:00,8.3,64.0,1020.4,28.2
2021-02-06 21:00:00,8.9,69.0,1022.1,16.6
2021-02-06 22:00:00,8.5,74.4,1022.0,15.7
2021-02-06 23:00:00,8.4,80.7,1021.8,9.0
2021-02-07 00:00:00,8.0,79.3,1019.7,14.3
2021-02-07 01:00:00,7.2,85.4,1021.5,21.1
2021-02-07 02:00:00,6.6,81.1,1021.0,13.4
2021-02-07 03:00:00,5.0,86.6,1020.7,11.5
2021-02-07 04:00:00,4.1,84.3,1022.1,11.3
2021-02-07 05:00:00,3.1,76.2,1020.5,9.0
2021-02-07 06:00:00,2.1,78.3,1021.0,12.6
2021-02-07 07:00:00,2.7,80.1,1019.7,10.4
2021-02-07 08:00:00,4.3,73.0,1020.2,24.6
2021-02-07 09:00:00,4.1,73.2,1019.9,8.7
2021-02-07 10:00:00,3.8,68.5,1019.9,14.0
2021-02-07 11:00:00,4.1,65.5,1018.7,21.7
2021-02-07 12:00:00,4.7,57.9,1019.0,11.4
2021-02-07 13:00:00,5.4,53.0,1017.3,15.8
2021-02-07 14:00:00,7.0,54.6,1018.9,12.1
2021-02-07 15:00:00,7.3,52.9,1019.6,16.6
2021-02-07 16:00:00,7.7,52.8,1018.7,14.5
2021-02-07 17:00:00,7.1,60.1,1017.3,16.7
2021-02-07 18:00:00,7.9,59.7,1018.0,19.8
2021-02-07 19:00:00,7.7,63.8,1018.6,13.8
2021-02-07 20:00:00,8.2,62.2,1017.4,11.7
2021-02-07 21:00:00,8.8,70.5,1017.2,20.6
2021-02-07 22:00:00,8.1,67.9,1017.2,10.7
2021-02-07 23:00:00,6.6,78.6,1015.6,9.7
2021-02-08 00:00:00,5.2,74.7,1015.2,26.6
2021-02-08 01:00:00,5.5,81.5,1017.4,8.1
2021-02-08 02:00:00,4.8,88.7,1016.5,16.9
2021-02-08 03:00:00,2.9,89.0,1015.2,13.2
2021-02-08 04:00:00,2.5,80.7,1014.5,24.7
2021-02-08 05:00:00,1.7,82.5,1015.8,13.7
2021-02-08 06:00:00,1.9,82.3,1014.3,10.8
2021-02-08 07:00:00,2.0,76.0,1014.6,12.4
2021-02-08 08:00:00,2.4,76.6,1014.3,8.8
2021-02-08 09:00:00,2.6,69.6,1014.4,21.5
2021-02-08 10:00:00,2.8,63.2,1012.8,10.2
2021-02-08 11:00:00,3.8,63.1,1012.9,9.2
2021-02-08 12:00:00,4.9,60.4,1012.4,13.1
2021-02-08 13:00:00,5.8,58.8,1013.3,11.7
2021-02-08 14:00:00,6.5,58.0,1012.9,15.3
2021-02-08 15:00:00,8.3,60.6,1012.3,32.2
2021-02-08 16:00:00,9.8,55.8,1010.4,17.6
2021-02-08 17:00:00,10.4,51.5,1010.4,18.7
2021-02-08 18:00:00,9.9,65.4,1012.2,16.7
2021-02-08 19:00:00,9.6,61.1,1012.9,21.0
2021-02-08 20:00:00,8.5,69.9,1010.7,23.0
2021-02-08 21:00:00,8.3,71.3,1011.5,25.3
2021-02-08 22:00:00,8.5,80.4,1010.2,9.6
2021-02-08 23:00:00,7.7,75.0,1008.8,18.0
2021-02-09 00:00:00,6.6,81.3,1008.6,26.7
2021-02-09 01:00:00,5.6,83.7,1008.4,22.0
2021-02-09 02:00:00,4.8,82.8,1008.6,8.5
2021-02-09 03:00:00,4.3,90.0,1009.5,12.1
2021-02-09 04:00:00,3.3,83.5,1008.7,13.0
2021-02-09 05:00:00,3.6,82.5,1008.6,13.6
2021-02-09 06:00:00,2.5,79.7,1007.3,12.4
2021-02-09 07:00:00,2.0,77.1,1007.7,21.2
2021-02-09 08:00:00,3.2,77.1,1007.7,15.2
2021-02-09 09:00:00,4.0,67.2,1007.9,13.4
2021-02-09 10:00:00,3.8,66.7,1007.9,16.0
2021-02-09 11:00:00,5.1,55.2,1006.6,8.8
2021-02-09 12:00:00,5.3,53.4,1007.4,11.6
2021-02-09 13:00:00,5.4,60.6,1006.5,14.5
2021-02-09 14:00:00,6.4,55.7,1005.8,26.2
2021-02-09 15:00:00,6.9,53.3,1007.7,24.0
2021-02-09 16:00:00,7.3,58.1,1005.7,13.7
2021-02-09 17:00:00,7.4,58.0,1007.7,14.1
2021-02-09 18:00:00,8.3,64.3,1007.0,26.3
2021-02-09 19:00:00,7.6,65.8,1005.9,16.3
2021-02-09 20:00:00,7.6,67.2,1006.9,14.9
2021-02-09 21:00:00,7.9,69.2,1006.1,15.8
2021-02-09 22:00:00,8.1,76.3,1006.2,12.3
2021-02-09 23:00:00,7.1,75.6,1005.1,12.4
2021-02-10 00:00:00,5.9,79.5,1005.1,8.0
2021-02-10 01:00:00,5.8,83.0,1006.0,14.7
2021-02-10 02:00:00,4.0,86.7,1006.2,18.5
2021-02-10 03:00:00,4.2,82.2,1005.5,9.8
2021-02-10 04:00:00,3.3,83.9,1004.1,17.8
2021-02-10 05:00:00,2.3,85.4,1006.0,9.5
2021-02-10 06:00:00,2.5,79.8,1005.4,11.5
2021-02-10 07:00:00,2.7,81.4,1005.5,10.6
2021-02-10 08:00:00,1.9,70.4,1004.3,41.3
2021-02-10 09:00:00,2.4,64.9,1005.5,10.3
2021-02-10 10:00:00,3.4,71.2,1005.3,11.1
2021-02-10 11:00:00,3.8,59.5,1005.3,11.5
2021-02-10 12:00:00,4.3,54.4,1005.8,10.2
2021-02-10 13:00:00,4.6,53.8,1005.4,11.5
2021-02-10 14:00:00,6.6,54.1,1006.9,14.8
2021-02-10 15:00:00,7.3,53.7,1006.1,15.7
2021-02-10 16:00:00,8.6,56.6,1006.3,24.7
2021-02-10 17:00:00,9.2,54.8,1006.6,16.0
2021-02-10 18:00:00,11.0,61.8,1005.5,16.5
2021-02-10 19:00:00,11.6,65.2,1004.8,13.9
2021-02-10 20:00:00,10.7,65.6,1005.9,16.8
2021-02-10 21:00:00,9.6,71.9,1005.6,12.9
2021-02-10 22:00:00,9.6,71.9,1005.7,12.6
2021-02-10 23:00:00,9.6,73.4,1006.9,11.5
2021-02-11 00:00:00,8.8,82.0,1008.0,9.2
2021-02-11 01:00:00,8.1,84.1,1007.9,14.3
2021-02-11 02:00:00,7.3,86.0,1007.9,11.3
2021-02-11 03:00:00,5.4,83.0,1007.7,8.9
2021-02-11 04:00:00,4.8,83.9,1008.8,8.9
2021-02-11 05:00:00,4.5,82.4,1007.9,12.2
2021-02-11 06:00:00,4.7,81.4,1009.1,12.6
2021-02-11 07:00:00,5.9,77.0,1008.4,14.4
2021-02-11 08:00:00,5.5,71.8,1009.5,32.7
2021-02-11 09:00:00,6.0,71.2,1008.6,16.9
2021-02-11 10:00:00,5.5,63.0,1009.5,13.4
2021-02-11 11:00:00,5.8,62.1,1010.8,10.1
2021-02-11 12:00:00,5.8,60.5,1009.9,9.9
2021-02-11 13:00:00,7.3,58.8,1011.6,14.0
2021-02-11 14:00:00,7.8,56.3,1011.1,16.3
2021-02-11 15:00:00,8.9,60.1,1010.9,15.8
2021-02-11 16:00:00,10.0,57.8,1011.6,21.6
2021-02-11 17:00:00,10.8,61.1,1010.3,18.2
2021-02-11 18:00:00,10.3,59.0,1012.4,14.1
2021-02-11 19:00:00,10.4,64.2,1010.4,14.7
2021-02-11 20:00:00,9.2,63.5,1012.1,12.0
2021-02-11 21:00:00,7.9,72.3,1013.0,11.8
2021-02-11 22:00:00,7.8,72.0,1013.2,10.3
2021-02-11 23:00:00,6.8,76.2,1011.6,12.3
2021-02-12 00:00:00,6.2,80.8,1012.6,9.9
2021-02-12 01:00:00,4.8,81.9,1013.9,13.3
2021-02-12 02:00:00,4.2,90.4,1013.2,9.6
2021-02-12 03:00:00,4.0,82.9,1012.9,10.7
2021-02-12 04:00:00,3.7,81.1,1013.7,9.5
2021-02-12 05:00:00,3.9,82.0,1015.4,14.1
2021-02-12 06:00:00,3.6,74.7,1014.3,11.0
2021-02-12 07:00:00,2.8,76.9,1014.9,9.2
2021-02-12 08:00:00,2.8,75.5,1014.4,14.1
2021-02-12 09:00:00,3.1,74.1,1017.6,8.0
2021-02-12 10:00:00,4.2,67.0,1016.9,8.3
2021-02-12 11:00:00,4.7,62.7,1016.8,8.2
2021-02-12 12:00:00,28.4,65.1,1016.0,15.5
2021-02-12 13:00:00,5.1,51.1,1015.9,19.1
2021-02-12 14:00:00,5.8,53.0,1017.6,19.7
2021-02-12 15:00:00,7.7,54.8,1017.7,16.9
2021-02-12 16:00:00,8.0,55.3,1017.9,14.2
2021-02-12 17:00:00,8.8,58.8,1018.0,41.7
2021-02-12 18:00:00,9.2,56.6,1017.4,16.5
2021-02-12 19:00:00,9.8,62.4,1018.2,12.8
2021-02-12 20:00:00,9.4,71.6,1019.3,28.1
2021-02-12 21:00:00,8.7,69.3,1020.0,11.6
2021-02-12 22:00:00,8.9,72.2,1019.1,9.9
2021-02-12 23:00:00,8.8,79.7,1019.6,22.7
2021-02-13 00:00:00,8.4,73.5,1020.5,12.3
2021-02-13 01:00:00,6.6,80.3,1017.7,12.1
2021-02-13 02:00:00,5.9,79.5,1020.7,11.1
2021-02-13 03:00:00,5.0,84.4,1019.9,8.6
2021-02-13 04:00:00,5.2,86.2,1021.4,9.3
2021-02-13 05:00:00,4.7,80.0,1022.2,11.6
2021-02-13 06:00:00,5.5,81.0,1020.5,13.6
2021-02-13 07:00:00,5.6,78.0,1020.3,21.4
2021-02-13 08:00:00,5.0,74.3,1021.2,22.7
2021-02-13 09:00:00,5.0,67.3,1019.2,11.5
2021-02-13 10:00:00,5.9,70.8,1021.3,9.1
2021-02-13 11:00:00,6.2,62.5,1022.1,8.8
2021-02-13 12:00:00,8.0,63.6,1020.5,14.1
2021-02-13 13:00:00,7.9,57.3,1020.1,10.7
2021-02-13 14:00:00,7.8,56.0,1018.8,22.9
2021-02-13 15:00:00,8.6,57.4,1020.5,33.1
2021-02-13 16:00:00,9.7,54.3,1021.4,13.1
2021-02-13 17:00:00,10.8,58.1,1020.4,16.9
2021-02-13 18:00:00,10.3,59.3,1021.1,31.6
2021-02-13 19:00:00,9.9,61.4,1020.4,18.2
2021-02-13 20:00:00,10.1,66.3,1020.6,16.3
2021-02-13 21:00:00,9.4,69.8,1022.2,11.9
2021-02-13 22:00:00,8.0,74.6,1020.5,10.5
2021-02-13 23:00:00,7.9,76.6,1020.4,17.6
2021-02-14 00:00:00,7.1,82.5,1021.8,9.3
2021-02-14 01:00:00,6.9,84.9,1021.4,9.3
2021-02-14 02:00:00,5.6,85.7,1022.1,8.8
2021-02-14 03:00:00,6.1,85.6,1020.3,11.5
2021-02-14 04:00:00,6.6,84.3,1019.4,15.7
2021-02-14 05:00:00,5.8,81.8,1021.6,12.2
2021-02-14 06:00:00,4.6,83.3,1021.8,11.2
2021-02-14 07:00:00,5.0,75.3,1019.7,10.0
2021-02-14 08:00:00,4.6,76.8,1020.7,8.1
2021-02-14 09:00:00,4.8,74.4,1021.1,24.5
2021-02-14 10:00:00,5.6,69.8,1019.6,15.6
2021-02-14 11:00:00,6.0,59.7,1020.6,11.3
2021-02-14 12:00:00,6.7,53.1,1019.0,14.3
2021-02-14 13:00:00,7.9,58.1,1019.7,18.7
2021-02-14 14:00:00,8.2,59.1,1017.7,11.9
2021-02-14 15:00:00,8.5,56.1,1019.4,14.2
2021-02-14 16:00:00,9.0,57.8,1018.3,15.8
2021-02-14 17:00:00,9.2,58.9,1017.9,17.4
2021-02-14 18:00:00,10.1,58.7,1018.3,19.3
2021-02-14 19:00:00,10.2,58.8,1016.4,18.4
2021-02-14 20:00:00,10.3,67.0,1018.0,22.1
2021-02-14 21:00:00,10.0,69.3,1017.5,13.0
2021-02-14 22:00:00,9.4,72.6,1017.2,14.6
2021-02-14 23:00:00,8.9,79.4,1016.5,9.4
2021-02-15 00:00:00,7.9,84.7,1017.8,8.1
2021-02-15 01:00:00,7.9,79.9,1015.1,10.0
2021-02-15 02:00:00,5.3,85.7,1015.6,10.9
2021-02-15 03:00:00,4.6,89.6,1015.7,9.0
2021-02-15 04:00:00,3.5,82.1,1014.9,11.7
2021-02-15 05:00:00,2.7,81.3,1014.8,10.1
2021-02-15 06:00:00,1.7,79.3,1014.3,9.5
2021-02-15 07:00:00,2.3,77.5,1014.7,16.4
2021-02-15 08:00:00,3.2,71.6,1014.3,20.8
2021-02-15 09:00:00,3.8,73.2,1013.8,8.0
2021-02-15 10:00:00,4.1,67.2,1013.9,10.3
2021-02-15 11:00:00,5.1,59.2,1014.1,10.5
2021-02-15 12:00:00,6.6,63.6,1012.6,10.8
2021-02-15 13:00:00,7.9,55.0,1013.2,17.7
2021-02-15 14:00:00,9.6,52.6,1012.4,18.3
2021-02-15 15:00:00,9.7,56.1,1011.6,21.9
2021-02-15 16:00:00,10.4,57.8,1011.3,14.4
2021-02-15 17:00:00,10.1,55.6,1011.4,13.1
2021-02-15 18:00:00,11.1,60.5,1011.6,14.4
2021-02-15 19:00:00,11.2,61.5,1009.9,13.7
2021-02-15 20:00:00,11.3,69.0,1010.5,19.6
2021-02-15 21:00:00,11.1,73.3,1010.6,18.3
2021-02-15 22:00:00,9.8,78.9,1010.6,16.8
2021-02-15 23:00:00,8.9,80.5,1010.4,9.1
2021-02-16 00:00:00,8.7,76.0,1010.0,15.3
2021-02-16 01:00:00,7.4,83.0,1010.9,10.9
2021-02-16 02:00:00,6.6,83.7,1007.9,11.7
2021-02-16 03:00:00,6.1,88.4,1008.9,13.7
2021-02-16 04:00:00,5.2,86.9,1008.6,21.9
2021-02-16 05:00:00,4.7,80.7,1008.4,13.1
2021-02-16 06:00:00,4.9,86.6,1008.6,8.6
2021-02-16 07:00:00,4.5,75.7,1007.5,8.9
2021-02-16 08:00:00,4.7,75.4,1007.8,8.2
2021-02-16 09:00:00,5.0,70.7,1006.7,12.5
2021-02-16 10:00:00,5.5,67.1,1007.6,12.8
2021-02-16 11:00:00,6.4,71.8,1006.0,12.9
2021-02-16 12:00:00,8.0,61.0,1006.6,10.0
2021-02-16 13:00:00,7.7,57.9,1009.1,18.3
2021-02-16 14:00:00,8.6,50.1,1006.2,17.4
2021-02-16 15:00:00,9.5,54.0,1006.8,23.8
2021-02-16 16:00:00,9.4,55.8,1006.0,13.9
2021-02-16 17:00:00,10.8,58.1,1006.9,19.6
2021-02-16 18:00:00,10.8,65.0,1006.9,13.2
2021-02-16 19:00:00,10.4,63.9,1006.5,13.9
2021-02-16 20:00:00,10.2,66.2,1005.3,12.6
2021-02-16 21:00:00,9.3,75.9,1005.9,18.0
2021-02-16 22:00:00,8.9,78.7,1005.1,11.7
2021-02-16 23:00:00,7.6,74.0,1005.4,12.0
2021-02-17 00:00:00,6.6,78.9,1005.2,11.7
2021-02-17 01:00:00,5.8,88.2,1006.0,8.7
2021-02-17 02:00:00,5.5,83.1,1005.0,12.2
2021-02-17 03:00:00,4.9,87.3,1004.3,11.7
2021-02-17 04:00:00,4.3,82.3,1004.5,8.4
2021-02-17 05:00:00,4.7,84.8,1005.0,11.4
2021-02-17 06:00:00,4.7,79.8,1005.3,12.1
2021-02-17 07:00:00,4.5,80.4,1004.9,10.3
2021-02-17 08:00:00,4.5,68.5,1005.2,8.4
2021-02-17 09:00:00,5.1,67.6,1007.1,24.2
2021-02-17 10:00:00,6.5,68.9,1004.8,11.7
2021-02-17 11:00:00,7.1,62.5,1006.5,9.0
2021-02-17 12:00:00,7.8,56.3,1006.4,11.5
2021-02-17 13:00:00,9.1,52.7,1005.8,21.2
2021-02-17 14:00:00,10.0,57.2,1005.0,12.4
2021-02-17 15:00:00,10.8,58.2,1005.7,14.5
2021-02-17 16:00:00,10.5,64.0,1005.5,20.1
2021-02-17 17:00:00,11.4,52.6,1006.5,17.7
2021-02-17 18:00:00,11.1,58.6,1006.2,14.3
2021-02-17 19:00:00,9.7,65.7,1006.0,14.9
2021-02-17 20:00:00,9.4,57.7,1005.5,36.6
2021-02-17 21:00:00,8.7,69.2,1007.1,11.8
2021-02-17 22:00:00,8.4,73.4,1007.2,10.9
2021-02-17 23:00:00,7.0,73.9,1006.5,21.0
2021-02-18 00:00:00,6.6,81.3,1006.7,10.3
2021-02-18 01:00:00,6.3,81.1,1006.9,16.3
2021-02-18 02:00:00,6.2,86.1,1008.5,14.4
2021-02-18 03:00:00,5.0,85.5,1007.1,16.7
2021-02-18 04:00:00,4.3,80.8,1008.7,9.8
2021-02-18 05:00:00,3.6,82.5,1007.0,8.4
2021-02-18 06:00:00,4.6,82.4,1007.4,10.7
2021-02-18 07:00:00,5.5,81.6,1007.3,9.3
2021-02-18 08:00:00,5.2,70.5,1010.1,10.4
2021-02-18 09:00:00,5.7,69.7,1009.2,11.9
2021-02-18 10:00:00,6.7,69.0,1009.3,14.6
2021-02-18 11:00:00,7.5,60.0,1010.1,12.5
2021-02-18 12:00:00,7.8,59.3,1009.6,10.0
2021-02-18 13:00:00,9.1,60.4,1010.6,10.8
2021-02-18 14:00:00,9.6,56.3,1008.9,12.2
2021-02-18 15:00:00,10.3,57.5,1011.4,15.7
2021-02-18 16:00:00,10.5,53.9,1009.9,14.2
2021-02-18 17:00:00,10.3,61.7,1011.8,15.0
2021-02-18 18:00:00,10.8,58.8,1011.1,15.0
2021-02-18 19:00:00,10.2,60.8,1012.7,12.5
2021-02-18 20:00:00,9.5,74.5,1010.2,14.5
2021-02-18 21:00:00,8.1,70.6,1012.5,19.0
2021-02-18 22:00:00,8.0,76.6,1012.7,9.9
2021-02-18 23:00:00,6.4,84.4,1013.6,21.1
2021-02-19 00:00:00,6.7,76.5,1014.5,8.6
2021-02-19 01:00:00,6.2,82.4,1013.6,9.2
2021-02-19 02:00:00,5.2,84.0,1013.2,11.3
2021-02-19 03:00:00,4.7,84.8,1013.7,14.0
2021-02-19 04:00:00,5.1,84.9,1014.3,8.9
2021-02-19 05:00:00,4.6,81.9,1016.1,12.8
2021-02-19 06:00:00,5.3,82.0,1015.8,9.6
2021-02-19 07:00:00,5.3,80.1,1014.4,18.0
2021-02-19 08:00:00,6.7,74.6,1015.3,10.4
2021-02-19 09:00:00,6.6,71.4,1015.8,9.9
2021-02-19 10:00:00,7.5,63.4,1016.5,11.1
2021-02-19 11:00:00,8.7,63.1,1016.4,9.4
2021-02-19 12:00:00,8.7,58.9,1016.4,11.4
2021-02-19 13:00:00,9.6,54.5,1017.9,11.8
2021-02-19 14:00:00,11.0,55.0,1017.7,22.1
2021-02-19 15:00:00,10.6,59.3,1016.6,12.5
2021-02-19 16:00:00,10.7,54.7,1018.7,18.2
2021-02-19 17:00:00,12.1,59.5,1018.4,29.2
2021-02-19 18:00:00,11.5,56.7,1018.3,13.7
2021-02-19 19:00:00,11.9,69.0,1018.1,14.3
2021-02-19 20:00:00,11.1,65.6,1019.3,19.6
2021-02-19 21:00:00,11.3,71.7,1018.4,16.6
2021-02-19 22:00:00,10.2,73.6,1021.3,10.1
2021-02-19 23:00:00,9.4,83.6,1018.6,9.9
2021-02-20 00:00:00,7.2,78.0,985.0,18.6
2021-02-20 01:00:00,7.0,82.3,1018.3,18.6
2021-02-20 02:00:00,5.8,86.1,1018.1,19.2
2021-02-20 03:00:00,5.7,87.2,1019.8,15.6
2021-02-20 04:00:00,5.5,85.7,1020.3,9.6
2021-02-20 05:00:00,4.3,81.0,1020.1,9.3
2021-02-20 06:00:00,4.1,78.0,1020.1,11.5
2021-02-20 07:00:00,3.6,73.8,1019.8,10.3
2021-02-20 08:00:00,4.5,71.1,1021.0,8.2
2021-02-20 09:00:00,5.4,70.0,1020.7,9.6
2021-02-20 10:00:00,5.2,68.7,1022.2,8.3
2021-02-20 11:00:00,6.0,70.3,1019.9,18.1
2021-02-20 12:00:00,6.5,59.6,1020.5,11.9
2021-02-20 13:00:00,7.6,61.7,1021.4,12.9
2021-02-20 14:00:00,8.3,59.3,1021.1,15.3
2021-02-20 15:00:00,8.4,58.7,1020.2,16.0
2021-02-20 16:00:00,8.2,57.2,1023.8,16.5
2021-02-20 17:00:00,9.5,53.1,1022.0,17.1
2021-02-20 18:00:00,9.1,59.0,1021.9,15.4
2021-02-20 19:00:00,9.6,60.6,1022.7,15.4
2021-02-20 20:00:00,8.9,68.1,1022.1,12.3
2021-02-20 21:00:00,9.0,71.6,1020.4,16.9
2021-02-20 22:00:00,9.5,77.3,1022.3,10.0
2021-02-20 23:00:00,8.5,74.7,1021.6,9.0
2021-02-21 00:00:00,7.0,78.1,1021.3,9.4
2021-02-21 01:00:00,7.1,80.6,1019.3,16.0
2021-02-21 02:00:00,6.4,83.0,1021.6,10.3
2021-02-21 03:00:00,6.2,82.1,1020.7,15.8
2021-02-21 04:00:00,4.2,84.0,1020.1,15.3
2021-02-21 05:00:00,4.5,86.3,1020.0,13.4
2021-02-21 06:00:00,5.1,85.5,1021.0,10.7
2021-02-21 07:00:00,6.0,75.6,1021.6,11.0
2021-02-21 08:00:00,6.0,72.8,1020.5,12.9
2021-02-21 09:00:00,6.6,69.9,1020.9,17.7
2021-02-21 10:00:00,7.1,66.0,1020.3,12.4
2021-02-21 11:00:00,7.4,59.5,1019.8,8.4
2021-02-21 12:00:00,7.9,58.1,1018.4,13.4
2021-02-21 13:00:00,8.5,57.4,1019.1,11.3
2021-02-21 14:00:00,9.2,54.8,1019.8,20.6
2021-02-21 15:00:00,9.3,53.0,1020.6,12.6
2021-02-21 16:00:00,9.7,56.4,1018.2,18.7
2021-02-21 17:00:00,9.6,52.6,1017.7,14.0
2021-02-21 18:00:00,9.3,60.5,1018.6,14.6
2021-02-21 19:00:00,9.5,60.5,1018.6,12.7
2021-02-21 20:00:00,8.9,67.8,1017.6,17.5
2021-02-21 21:00:00,9.1,69.4,1018.5,14.2
2021-02-21 22:00:00,8.5,70.0,1018.3,14.3
2021-02-21 23:00:00,8.7,80.9,1016.9,13.8
2021-02-22 00:00:00,9.6,77.1,1016.5,9.9
2021-02-22 01:00:00,9.5,73.3,1016.0,10.2
2021-02-22 02:00:00,9.0,87.3,1015.1,11.4
2021-02-22 03:00:00,8.0,86.8,1016.9,14.2
2021-02-22 04:00:00,7.2,84.5,1016.7,8.6
2021-02-22 05:00:00,6.8,86.1,1014.2,42.5
2021-02-22 06:00:00,6.0,82.0,1014.0,8.1
2021-02-22 07:00:00,5.6,78.2,1015.4,15.8
2021-02-22 08:00:00,5.6,77.2,1014.4,13.8
2021-02-22 09:00:00,6.1,67.4,1015.2,12.8
2021-02-22 10:00:00,7.1,66.5,1013.5,13.6
2021-02-22 11:00:00,8.2,67.1,1012.8,13.2
2021-02-22 12:00:00,8.1,59.9,1014.0,11.3
2021-02-22 13:00:00,8.5,57.7,1012.1,17.3
2021-02-22 14:00:00,9.6,53.3,1012.5,15.4
2021-02-22 15:00:00,9.9,56.2,1013.5,20.4
2021-02-22 16:00:00,11.0,53.7,1012.7,13.0
2021-02-22 17:00:00,11.3,61.2,1011.6,22.2
2021-02-22 18:00:00,11.0,58.1,1010.1,19.8
2021-02-22 19:00:00,10.4,61.8,1010.5,12.5
2021-02-22 20:00:00,9.8,67.9,1011.0,26.6
2021-02-22 21:00:00,10.3,70.5,1011.3,11.1
2021-02-22 22:00:00,10.0,68.8,1011.1,9.4
2021-02-22 23:00:00,9.0,74.0,1010.2,9.1
2021-02-23 00:00:00,9.2,78.4,1008.4,8.8
2021-02-23 01:00:00,8.2,86.9,1008.4,21.9
2021-02-23 02:00:00,7.3,83.1,1009.1,14.3
2021-02-23 03:00:00,6.0,84.7,1009.0,21.5
2021-02-23 04:00:00,5.2,80.8,1009.5,8.2
2021-02-23 05:00:00,5.3,78.6,1008.3,9.9
2021-02-23 06:00:00,4.8,79.4,1008.8,9.1
2021-02-23 07:00:00,4.6,77.1,1008.7,10.9
2021-02-23 08:00:00,5.2,75.0,1007.8,12.9
2021-02-23 09:00:00,5.9,68.0,1007.5,10.2
2021-02-23 10:00:00,6.4,67.6,1007.2,9.4
2021-02-23 11:00:00,6.7,66.2,1007.7,10.1
2021-02-23 12:00:00,7.4,59.9,1005.8,9.9
2021-02-23 13:00:00,8.6,60.0,1007.1,11.5
2021-02-23 14:00:00,8.8,53.2,1007.3,16.3
2021-02-23 15:00:00,8.9,52.9,1007.8,18.6
2021-02-23 16:00:00,9.4,52.3,1007.6,16.0
2021-02-23 17:00:00,9.9,60.7,1007.3,25.6
2021-02-23 18:00:00,9.7,60.0,1005.5,16.0
2021-02-23 19:00:00,9.2,62.7,1006.5,22.2
2021-02-23 20:00:00,8.4,61.7,1004.8,17.0
2021-02-23 21:00:00,9.0,71.5,1004.1,13.5
2021-02-23 22:00:00,9.4,74.5,1005.1,10.2
2021-02-23 23:00:00,9.4,78.0,1004.4,8.7
2021-02-24 00:00:00,9.6,83.9,1005.7,13.2
2021-02-24 01:00:00,8.2,84.0,1004.4,10.6
2021-02-24 02:00:00,6.8,86.7,1003.3,10.4
2021-02-24 03:00:00,5.7,82.0,1006.5,12.5
2021-02-24 04:00:00,5.5,81.4,1005.5,9.3
2021-02-24 05:00:00,4.5,82.4,1005.0,21.4
2021-02-24 06:00:00,3.9,79.0,1004.5,12.0
2021-02-24 07:00:00,3.9,78.3,1004.8,23.6
2021-02-24 08:00:00,4.7,74.5,1005.8,10.4
2021-02-24 09:00:00,4.4,65.6,1005.3,8.5
2021-02-24 10:00:00,5.8,60.4,1006.3,8.0
2021-02-24 11:00:00,6.2,63.5,1005.8,11.8
2021-02-24 12:00:00,6.7,61.9,1005.9,11.2
2021-02-24 13:00:00,8.7,51.0,1004.8,12.3
2021-02-24 14:00:00,10.2,54.4,1006.3,12.0
2021-02-24 15:00:00,10.8,63.8,1005.8,14.9
2021-02-24 16:00:00,11.8,57.3,1005.1,13.1
2021-02-24 17:00:00,12.7,55.4,1004.5,15.2
2021-02-24 18:00:00,13.6,54.8,1006.2,15.3
2021-02-24 19:00:00,14.3,61.3,1006.9,14.7
2021-02-24 20:00:00,12.8,64.9,1005.8,14.0
2021-02-24 21:00:00,12.3,75.1,1005.8,11.3
2021-02-24 22:00:00,12.5,73.8,1006.8,9.4
2021-02-24 23:00:00,11.7,76.9,1005.9,10.9
2021-02-25 00:00:00,10.9,80.5,1006.5,11.0
2021-02-25 01:00:00,9.4,84.0,1006.1,10.8
2021-02-25 02:00:00,8.8,87.7,1006.6,10.2
2021-02-25 03:00:00,7.8,86.6,1008.6,12.3
2021-02-25 04:00:00,7.4,82.7,1007.0,12.0
2021-02-25 05:00:00,6.8,77.4,1009.7,12.2
2021-02-25 06:00:00,6.5,79.2,1007.0,8.8
2021-02-25 07:00:00,6.5,76.5,1006.2,28.6
2021-02-25 08:00:00,6.8,70.6,1010.2,8.5
2021-02-25 09:00:00,7.8,65.1,1009.2,24.1
2021-02-25 10:00:00,9.0,68.1,1009.5,8.3
2021-02-25 11:00:00,9.0,59.6,1010.7,11.2
2021-02-25 12:00:00,9.0,59.1,1009.7,25.5
2021-02-25 13:00:00,9.1,57.7,1009.4,10.7
2021-02-25 14:00:00,10.9,53.2,1010.2,11.9
2021-02-25 15:00:00,10.8,53.2,1010.7,12.6
2021-02-25 16:00:00,12.5,55.2,1010.4,13.3
2021-02-25 17:00:00,12.4,51.2,1011.1,14.6
2021-02-25 18:00:00,12.9,61.2,1011.6,13.4
2021-02-25 19:00:00,12.7,64.3,1012.7,13.1
2021-02-25 20:00:00,11.4,67.9,1012.0,14.9
2021-02-25 21:00:00,12.0,71.8,1010.8,12.6
2021-02-25 22:00:00,11.6,74.7,1013.1,12.7
2021-02-25 23:00:00,10.7,82.6,1012.9,9.4
2021-02-26 00:00:00,9.0,82.2,1013.6,10.1
2021-02-26 01:00:00,9.3,79.8,1012.5,8.6
2021-02-26 02:00:00,8.7,87.1,1013.4,15.0
2021-02-26 03:00:00,8.9,82.1,1014.0,14.1
2021-02-26 04:00:00,7.7,84.8,1014.5,21.1
2021-02-26 05:00:00,7.1,78.7,1015.1,24.3
2021-02-26 06:00:00,6.8,79.8,1016.0,23.6
2021-02-26 07:00:00,6.3,71.4,1016.1,17.8
2021-02-26 08:00:00,6.3,75.9,1016.6,10.5
2021-02-26 09:00:00,7.2,70.7,1014.6,14.6
2021-02-26 10:00:00,7.5,65.1,1015.5,9.0
2021-02-26 11:00:00,9.0,58.2,1016.1,16.9
2021-02-26 12:00:00,9.9,59.5,1017.4,10.5
2021-02-26 13:00:00,11.0,56.6,1017.5,10.6
2021-02-26 14:00:00,12.8,59.4,1016.4,26.6
2021-02-26 15:00:00,12.3,52.0,1016.5,13.0
2021-02-26 16:00:00,12.9,54.3,1016.8,17.0
2021-02-26 17:00:00,12.1,63.3,1017.7,18.9
2021-02-26 18:00:00,12.3,62.8,1019.3,25.6
2021-02-26 19:00:00,12.0,62.0,1019.3,24.0
2021-02-26 20:00:00,11.9,63.5,1018.9,19.0
2021-02-26 21:00:00,11.7,68.0,1019.4,10.8
2021-02-26 22:00:00,11.6,73.2,1018.2,22.5
2021-02-26 23:00:00,11.1,76.1,1019.0,11.4
2021-02-27 00:00:00,10.8,84.6,1019.7,20.2
2021-02-27 01:00:00,10.7,82.7,1019.3,8.4
2021-02-27 02:00:00,9.3,83.5,1018.3,8.8
2021-02-27 03:00:00,8.8,80.6,1018.6,13.5
2021-02-27 04:00:00,8.0,89.1,1021.0,11.6
2021-02-27 05:00:00,7.0,86.2,1020.0,10.9
2021-02-27 06:00:00,7.3,76.3,1020.7,8.0
2021-02-27 07:00:00,6.5,82.8,1020.2,11.3
2021-02-27 08:00:00,5.4,71.0,1019.9,10.6
2021-02-27 09:00:00,6.8,64.9,1019.3,8.5
2021-02-27 10:00:00,5.9,64.5,1021.7,15.3
2021-02-27 11:00:00,7.2,61.4,1020.6,8.2
2021-02-27 12:00:00,7.9,60.7,1020.5,14.3
2021-02-27 13:00:00,7.8,56.2,1021.4,15.5
2021-02-27 14:00:00,8.9,53.9,1021.6,16.0
2021-02-27 15:00:00,10.8,53.9,1021.2,16.2
2021-02-27 16:00:00,11.2,59.0,1021.7,40.2
2021-02-27 17:00:00,11.2,58.0,1021.3,20.8
2021-02-27 18:00:00,11.8,59.8,1021.7,15.9
2021-02-27 19:00:00,11.1,59.8,1019.8,13.1
2021-02-27 20:00:00,9.9,62.9,1021.7,16.8
2021-02-27 21:00:00,9.9,63.4,1021.5,10.7
2021-02-27 22:00:00,9.6,72.4,1021.3,11.1
2021-02-27 23:00:00,9.3,78.4,1020.3,8.9
2021-02-28 00:00:00,7.8,77.6,1021.8,16.0
2021-02-28 01:00:00,7.7,84.0,1022.4,10.8
2021-02-28 02:00:00,7.8,76.6,1020.6,26.6
2021-02-28 03:00:00,6.7,83.6,1020.6,17.1
2021-02-28 04:00:00,6.6,79.6,1020.1,8.6
2021-02-28 05:00:00,6.0,85.0,1021.2,14.0
2021-02-28 06:00:00,5.3,79.5,1020.7,8.5
2021-02-28 07:00:00,5.4,79.9,1019.4,15.5
2021-02-28 08:00:00,6.5,74.2,1020.7,8.5
2021-02-28 09:00:00,7.0,66.4,1018.7,10.7
2021-02-28 10:00:00,8.0,61.3,1019.7,13.1
2021-02-28 11:00:00,8.4,59.4,1019.6,21.9
2021-02-28 12:00:00,9.1,58.9,1019.9,24.3
2021-02-28 13:00:00,10.6,53.4,1018.3,12.6
2021-02-28 14:00:00,11.8,55.6,1019.8,12.0
2021-02-28 15:00:00,12.9,51.7,1019.9,16.2
2021-02-28 16:00:00,13.5,60.6,1018.3,13.9
2021-02-28 17:00:00,13.3,58.3,1017.3,30.3
2021-02-28 18:00:00,13.0,59.7,1018.1,18.0
2021-02-28 19:00:00,12.8,61.8,1018.8,14.4
2021-02-28 20:00:00,13.0,61.4,1019.0,24.5
2021-02-28 21:00:00,12.7,72.4,1018.8,13.8
2021-02-28 22:00:00,13.0,78.1,1017.1,11.3
2021-02-28 23:00:00,11.3,78.9,1018.1,10.0
2021-03-01 00:00:00,10.5,78.0,1017.8,18.2
2021-03-01 01:00:00,10.2,81.5,1016.8,11.2
2021-03-01 02:00:00,8.1,85.1,1017.3,11.0
2021-03-01 03:00:00,8.5,83.8,1016.2,14.4
2021-03-01 04:00:00,6.8,78.5,1015.7,13.9
2021-03-01 05:00:00,6.8,84.5,1015.5,17.5
2021-03-01 06:00:00,6.3,81.1,1014.1,12.6
2021-03-01 07:00:00,7.4,78.6,1013.6,12.7
2021-03-01 08:00:00,8.3,80.8,1014.7,17.7
2021-03-01 09:00:00,8.4,60.1,1014.3,12.5
2021-03-01 10:00:00,9.1,64.0,1013.7,9.4
2021-03-01 11:00:00,8.7,60.7,1014.5,19.1
2021-03-01 12:00:00,9.2,58.5,1013.2,28.9
2021-03-01 13:00:00,10.1,60.3,1013.2,17.8
2021-03-01 14:00:00,11.7,56.3,1011.2,20.1
2021-03-01 15:00:00,12.4,52.9,1012.5,16.4
2021-03-01 16:00:00,13.9,55.9,1012.5,14.6
2021-03-01 17:00:00,14.0,56.2,1011.5,16.3
2021-03-01 18:00:00,13.7,63.8,1012.3,13.0
2021-03-01 19:00:00,12.8,57.5,1011.6,22.7
2021-03-01 20:00:00,11.7,69.1,1010.3,16.6
2021-03-01 21:00:00,12.0,70.7,1010.4,21.7
2021-03-01 22:00:00,11.4,74.6,1009.8,23.9
2021-03-01 23:00:00,10.9,72.4,1009.7,15.7
2021-03-02 00:00:00,11.2,83.6,1009.8,22.5
2021-03-02 01:00:00,10.1,80.1,1008.0,8.6
2021-03-02 02:00:00,8.7,87.6,1008.9,12.1
2021-03-02 03:00:00,8.3,89.3,1009.5,9.1
2021-03-02 04:00:00,8.1,84.2,1009.4,22.0
2021-03-02 05:00:00,8.1,76.3,1007.5,9.2
2021-03-02 06:00:00,7.8,78.5,1007.9,13.7
2021-03-02 07:00:00,8.0,77.3,1008.3,10.1
2021-03-02 08:00:00,7.4,74.2,1008.7,13.7
2021-03-02 09:00:00,8.5,67.6,1007.5,12.9
2021-03-02 10:00:00,9.4,59.2,1008.1,66.3
2021-03-02 11:00:00,8.6,65.1,1006.6,8.4
2021-03-02 12:00:00,9.9,57.9,1007.4,10.9
2021-03-02 13:00:00,10.6,55.9,1005.9,20.9
2021-03-02 14:00:00,10.6,55.0,1006.1,15.4
2021-03-02 15:00:00,13.0,56.9,1007.0,15.3
2021-03-02 16:00:00,13.1,53.5,1007.8,14.2
2021-03-02 17:00:00,13.9,61.1,1005.8,15.7
2021-03-02 18:00:00,13.5,63.0,1005.5,18.8
2021-03-02 19:00:00,14.2,64.3,1005.2,14.1
2021-03-02 20:00:00,14.5,70.0,1006.1,14.8
2021-03-02 21:00:00,14.3,75.1,1005.4,10.7
2021-03-02 22:00:00,13.0,76.5,1006.5,15.5
2021-03-02 23:00:00,13.3,75.7,1007.6,17.1
2021-03-03 00:00:00,11.9,76.4,1005.8,8.2
2021-03-03 01:00:00,11.3,82.4,1005.8,9.5
2021-03-03 02:00:00,10.6,88.0,1006.0,10.1
2021-03-03 03:00:00,9.7,82.4,1006.0,8.9
2021-03-03 04:00:00,8.5,90.9,1004.5,8.8
2021-03-03 05:00:00,8.4,80.4,1005.4,8.0
2021-03-03 06:00:00,8.0,72.5,1004.6,11.2
2021-03-03 07:00:00,8.7,75.7,1007.1,27.7
2021-03-03 08:00:00,8.4,73.1,1003.7,10.9
2021-03-03 09:00:00,8.2,68.2,1004.1,19.5
2021-03-03 10:00:00,9.2,69.0,1005.0,17.2
2021-03-03 11:00:00,10.4,61.3,1005.5,8.3
2021-03-03 12:00:00,10.5,56.3,1005.8,10.9
2021-03-03 13:00:00,12.7,60.7,1005.7,13.4
2021-03-03 14:00:00,13.1,54.4,1005.1,13.4
2021-03-03 15:00:00,13.5,49.3,1004.5,24.3
2021-03-03 16:00:00,13.7,56.8,1006.3,15.2
2021-03-03 17:00:00,13.5,56.4,1006.6,32.0
2021-03-03 18:00:00,13.9,58.5,1005.9,37.4
2021-03-03 19:00:00,13.1,63.3,1005.6,20.5
2021-03-03 20:00:00,13.6,65.5,1006.7,16.0
2021-03-03 21:00:00,12.9,71.8,1006.8,13.7
2021-03-03 22:00:00,13.5,67.4,1008.5,16.3
2021-03-03 23:00:00,13.2,80.1,1007.2,20.3
2021-03-04 00:00:00,11.5,82.6,1006.7,8.7
2021-03-04 01:00:00,9.6,84.1,1007.9,12.0
2021-03-04 02:00:00,9.9,86.0,1007.7,12.1
2021-03-04 03:00:00,8.7,84.3,1007.6,8.0
2021-03-04 04:00:00,8.0,92.0,1008.3,13.3
2021-03-04 05:00:00,7.0,85.4,1007.5,11.4
2021-03-04 06:00:00,6.7,78.5,1008.7,33.9
2021-03-04 07:00:00,7.2,82.0,1009.0,12.4
2021-03-04 08:00:00,6.3,71.5,1008.1,13.9
2021-03-04 09:00:00,6.5,72.6,1009.6,12.3
2021-03-04 10:00:00,7.5,64.6,1009.9,18.5
2021-03-04 11:00:00,8.6,63.7,1009.9,9.6
2021-03-04 12:00:00,8.4,62.6,1009.4,13.1
2021-03-04 13:00:00,9.9,60.3,1009.7,17.8
2021-03-04 14:00:00,11.0,56.7,1010.3,21.8
2021-03-04 15:00:00,11.0,57.1,1009.5,14.1
2021-03-04 16:00:00,11.5,51.3,1011.8,21.5
2021-03-04 17:00:00,12.6,60.6,1011.3,15.3
2021-03-04 18:00:00,12.3,59.7,1011.8,13.7
2021-03-04 19:00:00,12.4,62.8,1012.3,23.7
2021-03-04 20:00:00,11.5,62.4,1011.1,15.5
2021-03-04 21:00:00,11.2,70.1,1012.0,13.6
2021-03-04 22:00:00,11.9,76.4,1013.5,11.2
2021-03-04 23:00:00,10.9,73.9,1014.1,19.0
2021-03-05 00:00:00,9.4,77.7,1012.6,8.1
2021-03-05 01:00:00,9.6,83.8,1013.0,17.7
2021-03-05 02:00:00,9.2,86.2,1014.1,8.4
2021-03-05 03:00:00,8.7,83.1,1012.8,8.4
2021-03-05 04:00:00,8.3,79.5,1014.8,15.9
2021-03-05 05:00:00,8.0,81.9,1014.7,8.6
2021-03-05 06:00:00,7.8,81.7,1014.4,15.6
2021-03-05 07:00:00,6.9,79.3,1015.1,19.6
2021-03-05 08:00:00,7.5,76.4,1016.9,22.2
2021-03-05 09:00:00,8.6,72.6,1015.7,8.9
2021-03-05 10:00:00,8.2,66.1,1016.2,8.5
2021-03-05 11:00:00,9.8,62.1,1016.4,9.2
2021-03-05 12:00:00,10.7,61.7,1017.5,27.5
2021-03-05 13:00:00,11.1,58.7,1017.3,14.0
2021-03-05 14:00:00,11.7,52.7,1016.5,27.4
2021-03-05 15:00:00,12.2,56.2,1018.2,14.7
2021-03-05 16:00:00,12.9,57.6,1019.5,13.5
2021-03-05 17:00:00,14.5,58.3,1018.3,20.2
2021-03-05 18:00:00,14.3,55.7,1018.9,13.4
2021-03-05 19:00:00,14.4,61.6,1019.5,14.2
2021-03-05 20:00:00,14.7,65.6,1018.1,21.2
2021-03-05 21:00:00,14.0,70.4,1019.2,19.7
2021-03-05 22:00:00,12.3,74.6,1020.4,12.7
2021-03-05 23:00:00,13.6,80.0,1019.8,13.4
2021-03-06 00:00:00,12.9,81.5,1018.6,8.5
2021-03-06 01:00:00,12.3,90.4,1018.7,8.3
2021-03-06 02:00:00,11.7,84.1,1017.8,8.7
2021-03-06 03:00:00,9.7,87.5,1018.9,9.6
2021-03-06 04:00:00,8.8,80.6,1020.0,13.2
2021-03-06 05:00:00,9.4,80.2,1020.9,12.6
2021-03-06 06:00:00,8.4,82.6,1020.2,8.6
2021-03-06 07:00:00,9.4,77.5,1021.5,12.9
2021-03-06 08:00:00,9.6,74.9,1021.0,13.7
2021-03-06 09:00:00,9.8,72.9,1020.7,13.7
2021-03-06 10:00:00,10.7,69.5,1021.2,15.0
2021-03-06 11:00:00,11.3,63.1,1019.6,9.1
2021-03-06 12:00:00,11.5,56.4,1021.0,19.1
2021-03-06 13:00:00,12.8,49.9,1020.5,10.7
2021-03-06 14:00:00,12.2,58.3,1020.6,13.9
2021-03-06 15:00:00,13.2,54.2,1021.3,16.4
2021-03-06 16:00:00,14.1,53.6,1021.0,13.6
2021-03-06 17:00:00,13.7,56.3,1020.3,13.6
2021-03-06 18:00:00,13.5,55.5,1020.8,16.1
2021-03-06 19:00:00,12.9,64.7,1020.5,14.8
2021-03-06 20:00:00,11.2,66.4,1020.7,30.6
2021-03-06 21:00:00,10.8,69.7,1021.4,10.7
2021-03-06 22:00:00,10.9,71.5,1021.2,20.4
2021-03-06 23:00:00,10.3,76.8,1021.4,10.1
2021-03-07 00:00:00,9.4,82.8,1020.7,13.2
2021-03-07 01:00:00,8.5,77.5,1020.0,8.3
2021-03-07 02:00:00,7.9,87.1,1021.6,11.1
2021-03-07 03:00:00,7.5,87.5,1020.0,19.6
2021-03-07 04:00:00,7.1,89.1,1018.7,10.4
2021-03-07 05:00:00,6.0,80.0,1021.2,16.3
2021-03-07 06:00:00,6.9,83.3,1020.0,15.2
2021-03-07 07:00:00,7.7,75.3,1021.3,10.3
2021-03-07 08:00:00,7.3,75.3,1021.0,17.2
2021-03-07 09:00:00,7.0,67.6,1019.9,8.2
2021-03-07 10:00:00,8.5,66.0,1020.1,8.5
2021-03-07 11:00:00,10.3,63.2,1019.4,10.1
2021-03-07 12:00:00,12.0,61.6,1019.0,17.2
2021-03-07 13:00:00,12.8,55.5,1018.8,18.7
2021-03-07 14:00:00,12.7,57.0,1019.4,16.4
2021-03-07 15:00:00,13.9,50.1,1019.3,13.3
2021-03-07 16:00:00,15.3,56.1,1019.4,14.0
2021-03-07 17:00:00,14.9,61.8,1018.2,16.1
2021-03-07 18:00:00,15.6,58.0,1017.2,15.7
2021-03-07 19:00:00,14.7,58.6,1017.5,16.0
2021-03-07 20:00:00,14.2,67.4,1018.5,13.3
2021-03-07 21:00:00,14.5,67.6,1017.8,19.4
2021-03-07 22:00:00,14.1,74.7,1016.0,14.5
2021-03-07 23:00:00,13.8,77.3,1018.1,10.6
2021-03-08 00:00:00,13.1,81.9,1016.8,11.1
2021-03-08 01:00:00,13.2,80.0,1016.1,13.2
2021-03-08 02:00:00,12.4,84.9,1016.6,16.1
2021-03-08 03:00:00,11.7,84.0,1015.5,17.6
2021-03-08 04:00:00,11.4,83.7,1017.2,8.4
2021-03-08 05:00:00,10.8,78.1,1014.4,19.5
2021-03-08 06:00:00,9.8,82.2,1014.8,22.3
2021-03-08 07:00:00,9.3,77.2,1014.3,8.6
2021-03-08 08:00:00,9.3,66.9,1013.0,22.9
2021-03-08 09:00:00,9.4,72.1,1013.9,18.8
2021-03-08 10:00:00,10.0,67.6,1014.1,12.4
2021-03-08 11:00:00,10.1,58.7,1014.4,9.3
2021-03-08 12:00:00,10.6,60.2,1014.2,12.2
2021-03-08 13:00:00,12.9,56.9,1014.0,13.9
2021-03-08 14:00:00,12.5,60.7,1012.3,17.3
2021-03-08 15:00:00,13.8,61.0,1012.0,26.2
2021-03-08 16:00:00,13.7,59.1,1012.1,29.9
2021-03-08 17:00:00,14.0,52.5,1010.8,18.4
2021-03-08 18:00:00,15.1,57.7,1011.6,16.9
2021-03-08 19:00:00,14.6,59.7,1013.1,14.6
2021-03-08 20:00:00,14.4,64.7,1012.0,14.0
2021-03-08 21:00:00,13.1,72.5,1010.2,29.6
2021-03-08 22:00:00,12.6,75.2,1010.6,10.5
2021-03-08 23:00:00,11.6,82.7,1008.9,13.0
2021-03-09 00:00:00,11.7,77.1,1009.6,18.1
2021-03-09 01:00:00,10.9,86.2,1007.8,11.2
2021-03-09 02:00:00,9.2,87.5,1008.9,16.6
2021-03-09 03:00:00,7.4,87.1,1007.9,11.5
2021-03-09 04:00:00,6.7,87.8,1009.3,11.0
2021-03-09 05:00:00,5.7,84.0,1008.5,13.1
2021-03-09 06:00:00,5.2,76.7,1008.8,12.9
2021-03-09 07:00:00,6.2,77.0,1008.3,8.9
2021-03-09 08:00:00,5.2,73.1,1008.5,17.4
2021-03-09 09:00:00,5.3,67.9,1006.3,9.9
2021-03-09 10:00:00,5.5,66.8,1007.3,16.8
2021-03-09 11:00:00,7.7,63.1,1006.7,10.7
2021-03-09 12:00:00,9.5,65.0,1008.6,10.6
2021-03-09 13:00:00,10.1,63.4,1006.2,15.7
2021-03-09 14:00:00,10.3,50.8,1007.2,17.6
2021-03-09 15:00:00,11.3,56.5,1007.2,15.1
2021-03-09 16:00:00,12.2,56.8,1005.0,13.5
2021-03-09 17:00:00,14.0,56.4,1005.3,25.6
2021-03-09 18:00:00,13.4,60.7,1007.0,13.9
2021-03-09 19:00:00,14.2,65.9,1004.9,14.0
2021-03-09 20:00:00,13.7,66.2,1006.5,38.2
2021-03-09 21:00:00,12.7,69.1,1006.9,13.2
2021-03-09 22:00:00,12.0,74.8,1005.4,14.1
2021-03-09 23:00:00,12.0,79.9,1005.1,13.8
2021-03-10 00:00:00,11.2,80.7,1005.9,13.9
2021-03-10 01:00:00,10.9,81.2,1004.2,14.2
2021-03-10 02:00:00,10.1,82.2,1005.6,10.0
2021-03-10 03:00:00,9.6,85.6,1007.0,36.6
2021-03-10 04:00:00,10.5,81.6,1004.2,8.2
2021-03-10 05:00:00,9.3,82.9,1006.4,9.8
2021-03-10 06:00:00,8.6,82.4,1006.3,12.3
2021-03-10 07:00:00,8.5,77.3,1006.2,21.3
2021-03-10 08:00:00,9.0,72.8,1004.9,8.8
2021-03-10 09:00:00,10.0,70.7,1005.5,8.7
2021-03-10 10:00:00,11.3,62.0,1005.3,9.7
2021-03-10 11:00:00,10.5,65.5,1004.6,15.2
2021-03-10 12:00:00,11.2,62.0,1006.0,35.4
2021-03-10 13:00:00,11.8,57.2,1005.1,20.1
2021-03-10 14:00:00,12.0,51.0,1006.0,12.8
2021-03-10 15:00:00,13.0,57.3,1005.8,18.5
2021-03-10 16:00:00,11.9,59.3,1006.0,15.0
2021-03-10 17:00:00,12.6,56.1,1005.0,16.4
2021-03-10 18:00:00,13.8,54.4,1006.3,23.0
2021-03-10 19:00:00,14.1,63.3,1006.6,15.9
2021-03-10 20:00:00,13.8,72.4,1005.4,29.3
2021-03-10 21:00:00,13.1,66.2,1006.3,13.2
2021-03-10 22:00:00,13.6,76.3,1005.9,9.4
2021-03-10 23:00:00,11.7,75.6,1005.7,10.5
2021-03-11 00:00:00,9.9,76.6,1007.2,8.4
2021-03-11 01:00:00,9.1,85.1,1006.2,11.0
2021-03-11 02:00:00,9.4,83.4,1009.5,13.3
2021-03-11 03:00:00,9.0,87.5,1007.4,14.6
2021-03-11 04:00:00,8.4,77.0,1007.3,8.2
2021-03-11 05:00:00,8.0,81.3,1007.5,8.3
2021-03-11 06:00:00,9.3,83.8,1007.7,9.0
2021-03-11 07:00:00,9.6,83.4,1008.2,8.5
2021-03-11 08:00:00,10.0,72.5,1008.9,15.0
2021-03-11 09:00:00,9.8,69.1,1008.7,11.4
2021-03-11 10:00:00,9.3,68.4,1008.8,8.7
2021-03-11 11:00:00,11.0,59.6,1008.2,11.6
2021-03-11 12:00:00,10.6,59.8,1008.8,12.0
2021-03-11 13:00:00,11.7,57.2,1008.6,15.3
2021-03-11 14:00:00,12.0,56.8,1011.0,14.6
2021-03-11 15:00:00,13.0,55.7,1011.8,13.2
2021-03-11 16:00:00,12.9,55.6,1010.2,15.7
2021-03-11 17:00:00,13.4,59.9,1010.7,13.8
2021-03-11 18:00:00,14.8,64.1,1012.0,14.6
2021-03-11 19:00:00,14.2,63.6,1011.9,12.6
2021-03-11 20:00:00,14.6,68.1,1013.0,15.7
2021-03-11 21:00:00,14.7,70.0,1013.0,10.9
2021-03-11 22:00:00,13.7,73.9,1012.4,10.3
2021-03-11 23:00:00,12.7,76.5,1013.2,18.5
2021-03-12 00:00:00,-999,84.4,1012.1,12.9
2021-03-12 01:00:00,11.3,82.3,1015.6,18.3
2021-03-12 02:00:00,10.7,86.3,1013.8,18.3
2021-03-12 03:00:00,9.2,87.9,1014.8,8.0
2021-03-12 04:00:00,9.0,85.7,1013.2,18.2
2021-03-12 05:00:00,8.9,87.0,1014.5,11.3
2021-03-12 06:00:00,7.5,75.1,1014.3,13.9
2021-03-12 07:00:00,8.5,75.5,1015.7,8.7
2021-03-12 08:00:00,9.1,74.0,1017.7,17.8
2021-03-12 09:00:00,9.7,71.1,1017.0,13.2
2021-03-12 10:00:00,9.5,67.8,1016.3,9.8
2021-03-12 11:00:00,10.0,59.2,1016.7,8.1
2021-03-12 12:00:00,11.1,60.9,1016.1,12.5
2021-03-12 13:00:00,10.6,59.5,1016.2,11.6
2021-03-12 14:00:00,10.6,53.1,1017.3,16.5
2021-03-12 15:00:00,11.8,53.1,1015.3,21.8
2021-03-12 16:00:00,12.7,51.5,1017.1,16.2
2021-03-12 17:00:00,13.2,53.0,1018.1,17.7
2021-03-12 18:00:00,13.2,54.4,1017.0,16.6
2021-03-12 19:00:00,13.6,60.2,1018.8,12.7
2021-03-12 20:00:00,14.1,64.2,1017.8,25.5
2021-03-12 21:00:00,13.9,67.3,1019.9,10.6
2021-03-12 22:00:00,13.3,75.8,1018.8,10.5
2021-03-12 23:00:00,13.0,79.8,1018.9,12.6
2021-03-13 00:00:00,12.8,76.9,1020.0,14.2
2021-03-13 01:00:00,12.3,88.5,1019.3,13.6
2021-03-13 02:00:00,11.3,79.2,1020.3,12.9
2021-03-13 03:00:00,9.5,84.0,1021.3,13.5
2021-03-13 04:00:00,9.3,85.9,1019.9,10.7
2021-03-13 05:00:00,8.8,85.5,1020.3,9.2
2021-03-13 06:00:00,8.8,80.8,1021.0,8.9
2021-03-13 07:00:00,8.5,80.5,1019.1,8.2
2021-03-13 08:00:00,9.5,75.1,1020.4,9.3
2021-03-13 09:00:00,9.7,69.9,1021.5,10.2
2021-03-13 10:00:00,11.5,67.9,1020.8,13.9
2021-03-13 11:00:00,12.4,58.1,1020.9,14.1
2021-03-13 12:00:00,13.6,58.0,1019.6,9.9
2021-03-13 13:00:00,14.5,60.3,1021.8,18.1
2021-03-13 14:00:00,16.1,53.7,1021.5,16.5
2021-03-13 15:00:00,16.5,59.5,1019.9,13.2
2021-03-13 16:00:00,16.6,58.6,1019.9,13.4
2021-03-13 17:00:00,16.7,55.4,1020.7,13.7
2021-03-13 18:00:00,17.1,56.8,1020.1,14.2
2021-03-13 19:00:00,17.3,63.5,1020.6,15.8
2021-03-13 20:00:00,17.3,67.6,1021.3,17.0
2021-03-13 21:00:00,16.0,72.9,1022.3,13.2
2021-03-13 22:00:00,15.4,79.2,1020.5,12.4
2021-03-13 23:00:00,14.8,80.7,1020.0,10.2
2021-03-14 00:00:00,14.1,80.9,1022.5,22.4
2021-03-14 01:00:00,13.2,85.2,1021.3,28.1
2021-03-14 02:00:00,12.3,85.4,1021.0,13.1
2021-03-14 03:00:00,10.6,85.8,1020.6,13.0
2021-03-14 04:00:00,9.8,80.2,1020.0,10.6
2021-03-14 05:00:00,9.4,81.4,1019.7,9.8
2021-03-14 06:00:00,9.2,74.0,1021.1,11.8
2021-03-14 07:00:00,9.2,81.6,1019.7,11.0
2021-03-14 08:00:00,9.7,77.5,1020.5,14.0
2021-03-14 09:00:00,9.3,74.0,1019.1,10.6
2021-03-14 10:00:00,10.2,68.5,1020.6,14.5
2021-03-14 11:00:00,11.1,62.4,1019.3,32.1
2021-03-14 12:00:00,11.9,60.7,1018.6,16.4
2021-03-14 13:00:00,12.6,57.4,1019.5,18.5
2021-03-14 14:00:00,13.1,54.3,1019.3,33.2
2021-03-14 15:00:00,12.9,55.8,1019.1,14.7
2021-03-14 16:00:00,13.3,53.5,1019.8,13.5
2021-03-14 17:00:00,14.3,55.6,1019.7,16.0
2021-03-14 18:00:00,15.7,58.8,1019.3,24.1
2021-03-14 19:00:00,15.6,59.9,1017.3,16.9
2021-03-14 20:00:00,15.1,68.1,1018.0,17.1
2021-03-14 21:00:00,13.8,69.2,1016.6,11.9
2021-03-14 22:00:00,13.0,77.4,1017.6,9.8
2021-03-14 23:00:00,12.0,76.2,1015.5,8.4
2021-03-15 00:00:00,12.6,83.0,1015.9,10.3
2021-03-15 01:00:00,12.0,79.0,1016.3,11.7
2021-03-15 02:00:00,10.8,85.9,1015.3,10.9
2021-03-15 03:00:00,10.2,88.2,1015.5,26.1
2021-03-15 04:00:00,9.9,83.0,1016.5,8.7
2021-03-15 05:00:00,10.2,81.3,1013.8,8.6
2021-03-15 06:00:00,10.1,83.9,1015.0,10.3
2021-03-15 07:00:00,8.6,81.4,1014.4,10.6
2021-03-15 08:00:00,9.6,76.6,1014.9,10.3
2021-03-15 09:00:00,10.2,72.5,1014.1,11.3
2021-03-15 10:00:00,10.9,64.5,1013.6,19.2
2021-03-15 11:00:00,11.5,64.1,1013.2,16.5
2021-03-15 12:00:00,12.0,59.5,1012.3,12.0
2021-03-15 13:00:00,13.9,53.5,1012.5,22.0
2021-03-15 14:00:00,14.7,52.2,1012.4,18.7
2021-03-15 15:00:00,14.5,51.7,1012.3,15.3
2021-03-15 16:00:00,14.0,57.4,1011.4,18.3
2021-03-15 17:00:00,15.5,55.2,1012.1,15.5
2021-03-15 18:00:00,14.3,57.5,1012.5,18.0
2021-03-15 19:00:00,13.9,65.6,1010.2,16.6
2021-03-15 20:00:00,14.2,61.6,1010.5,15.6
2021-03-15 21:00:00,13.9,71.5,1011.6,14.8
2021-03-15 22:00:00,14.2,75.2,1010.7,20.7
2021-03-15 23:00:00,14.2,82.6,1011.3,9.0
2021-03-16 00:00:00,14.4,81.2,1009.8,18.9
2021-03-16 01:00:00,14.4,77.9,1010.0,12.7
2021-03-16 02:00:00,13.1,85.0,1009.4,10.9
2021-03-16 03:00:00,12.1,79.9,1009.8,9.9
2021-03-16 04:00:00,11.4,86.0,1009.1,8.8
2021-03-16 05:00:00,11.0,82.9,1008.8,9.8
2021-03-16 06:00:00,10.4,81.6,1007.7,8.1
2021-03-16 07:00:00,10.0,80.3,1008.3,9.9
2021-03-16 08:00:00,9.7,75.3,1006.7,8.6
2021-03-16 09:00:00,11.0,71.5,1008.9,12.4
2021-03-16 10:00:00,10.5,66.3,1007.1,8.3
2021-03-16 11:00:00,11.5,59.5,1007.4,11.3
2021-03-16 12:00:00,12.0,60.6,1007.5,25.8
2021-03-16 13:00:00,12.6,56.0,1006.3,14.5
2021-03-16 14:00:00,13.7,53.0,1006.4,16.6
2021-03-16 15:00:00,14.6,57.3,1008.5,14.7
2021-03-16 16:00:00,16.3,55.0,1005.5,25.0
2021-03-16 17:00:00,16.4,56.9,1006.2,16.1
2021-03-16 18:00:00,16.8,57.2,1006.1,26.4
2021-03-16 19:00:00,16.6,58.5,1006.0,21.5
2021-03-16 20:00:00,15.9,68.0,1005.1,15.1
2021-03-16 21:00:00,14.9,74.7,1006.1,14.6
2021-03-16 22:00:00,14.2,76.7,1005.9,13.4
2021-03-16 23:00:00,13.8,76.9,1006.4,12.7
2021-03-17 00:00:00,13.6,79.9,1005.1,9.5
2021-03-17 01:00:00,12.2,83.0,1004.5,9.4
2021-03-17 02:00:00,12.0,84.2,1004.3,8.1
2021-03-17 03:00:00,11.5,83.5,1004.2,8.0
2021-03-17 04:00:00,9.6,85.4,1004.9,19.3
2021-03-17 05:00:00,8.8,81.5,1004.0,11.9
2021-03-17 06:00:00,9.0,76.4,1005.4,16.9
2021-03-17 07:00:00,9.3,75.4,1004.2,10.2
2021-03-17 08:00:00,10.1,68.7,1005.0,15.3
2021-03-17 09:00:00,10.8,69.9,1005.2,11.1
2021-03-17 10:00:00,12.0,64.8,1005.4,9.7
2021-03-17 11:00:00,12.8,65.0,1005.0,8.5
2021-03-17 12:00:00,13.1,57.7,1005.3,12.7
2021-03-17 13:00:00,13.4,55.4,1006.0,22.2
2021-03-17 14:00:00,14.2,53.5,1006.1,14.1
2021-03-17 15:00:00,16.0,57.7,1004.9,15.7
2021-03-17 16:00:00,15.6,54.1,1004.7,17.0
2021-03-17 17:00:00,15.6,58.5,1006.1,13.3
2021-03-17 18:00:00,15.8,63.3,1006.2,20.5
2021-03-17 19:00:00,16.6,64.1,1007.3,36.4
2021-03-17 20:00:00,16.1,62.7,1006.3,14.6
2021-03-17 21:00:00,16.4,74.0,1006.0,24.8
2021-03-17 22:00:00,17.0,76.2,1004.3,10.9
2021-03-17 23:00:00,16.8,76.1,1006.0,10.2
2021-03-18 00:00:00,15.7,74.4,1007.1,10.7
2021-03-18 01:00:00,15.1,82.7,1007.2,9.1
2021-03-18 02:00:00,14.6,86.4,1008.7,27.1
2021-03-18 03:00:00,13.7,84.0,1007.7,9.4
2021-03-18 04:00:00,13.0,86.7,1007.6,11.3
2021-03-18 05:00:00,12.1,84.4,1007.0,12.9
2021-03-18 06:00:00,11.4,82.6,1008.7,10.1
2021-03-18 07:00:00,11.6,80.0,1008.7,15.9
2021-03-18 08:00:00,12.6,72.1,1007.7,12.9
2021-03-18 09:00:00,12.0,68.9,1008.8,8.3
2021-03-18 10:00:00,13.0,66.7,1009.4,8.7
2021-03-18 11:00:00,13.3,65.3,1009.1,9.8
2021-03-18 12:00:00,13.8,58.6,1009.3,11.0
2021-03-18 13:00:00,13.8,56.0,1010.3,17.5
2021-03-18 14:00:00,14.7,59.5,1010.3,14.0
2021-03-18 15:00:00,15.3,56.7,1009.0,17.2
2021-03-18 16:00:00,15.2,61.5,1011.1,14.8
2021-03-18 17:00:00,15.0,57.5,1011.5,17.5
2021-03-18 18:00:00,16.4,61.6,1011.8,17.9
2021-03-18 19:00:00,17.1,62.4,1012.6,18.8
2021-03-18 20:00:00,16.4,66.9,1012.1,13.4
2021-03-18 21:00:00,15.7,63.0,1013.1,17.5
2021-03-18 22:00:00,14.7,79.7,1012.7,11.1
2021-03-18 23:00:00,13.7,75.9,1013.6,8.0
2021-03-19 00:00:00,12.3,78.3,1014.1,17.0
2021-03-19 01:00:00,11.9,85.0,1012.9,9.1
2021-03-19 02:00:00,11.7,NA,1014.0,13.5
2021-03-19 03:00:00,10.6,82.1,1012.0,12.6
2021-03-19 04:00:00,9.8,87.9,1015.5,10.7
2021-03-19 05:00:00,9.4,84.7,1015.5,15.8
2021-03-19 06:00:00,9.8,81.2,1015.6,9.3
2021-03-19 07:00:00,9.9,75.9,1014.9,14.6
2021-03-19 08:00:00,10.7,73.1,1015.6,9.0
2021-03-19 09:00:00,10.8,72.8,1015.8,8.4
2021-03-19 10:00:00,11.7,66.4,1016.0,12.4
2021-03-19 11:00:00,12.8,62.6,1016.2,8.2
2021-03-19 12:00:00,13.7,61.2,1017.7,11.4
2021-03-19 13:00:00,13.8,55.2,1016.8,10.6
2021-03-19 14:00:00,15.4,50.0,1018.4,13.9
2021-03-19 15:00:00,16.1,55.3,1017.1,26.1
2021-03-19 16:00:00,16.5,57.6,1018.2,27.0
2021-03-19 17:00:00,16.0,67.4,1017.6,23.7
2021-03-19 18:00:00,16.4,58.6,1019.4,20.8
2021-03-19 19:00:00,17.5,63.5,1019.2,14.7
2021-03-19 20:00:00,15.8,61.3,1018.7,16.3
2021-03-19 21:00:00,15.7,71.4,1019.8,18.3
2021-03-19 22:00:00,15.0,74.8,1019.6,18.8
2021-03-19 23:00:00,13.2,83.6,1019.0,9.2
2021-03-20 00:00:00,13.2,82.3,1019.4,11.6
2021-03-20 01:00:00,12.4,83.0,1018.5,11.6
2021-03-20 02:00:00,11.0,84.5,1019.5,13.9
2021-03-20 03:00:00,11.1,84.2,1019.1,9.6
2021-03-20 04:00:00,9.5,88.4,1020.0,9.2
2021-03-20 05:00:00,9.3,84.7,1021.8,10.5
2021-03-20 06:00:00,8.9,86.5,1018.8,10.3
2021-03-20 07:00:00,8.6,76.0,1020.4,8.4
2021-03-20 08:00:00,8.6,74.8,1019.9,12.9
2021-03-20 09:00:00,9.0,67.0,1021.2,10.6
2021-03-20 10:00:00,10.2,63.7,1020.5,9.3
2021-03-20 11:00:00,11.4,60.8,1020.4,8.4
2021-03-20 12:00:00,12.8,56.4,1020.2,22.4
2021-03-20 13:00:00,12.9,58.0,1021.3,10.7
2021-03-20 14:00:00,14.0,57.4,1020.8,20.0
2021-03-20 15:00:00,15.3,54.0,1020.6,18.4
2021-03-20 16:00:00,18.1,55.4,1021.2,25.0
2021-03-20 17:00:00,17.3,59.5,1021.3,21.6
2021-03-20 18:00:00,17.5,56.4,1020.4,18.2
2021-03-20 19:00:00,17.8,59.0,1021.4,19.5
2021-03-20 20:00:00,17.8,68.6,1021.4,14.8
2021-03-20 21:00:00,18.2,64.8,1021.1,17.6
2021-03-20 22:00:00,17.2,70.6,1021.3,10.3
2021-03-20 23:00:00,15.7,78.1,1019.9,9.2
2021-03-21 00:00:00,14.1,81.8,1020.3,8.7
2021-03-21 01:00:00,13.9,83.4,1020.9,16.3
2021-03-21 02:00:00,13.3,82.1,1019.8,10.6
2021-03-21 03:00:00,12.9,85.7,1019.8,10.0
2021-03-21 04:00:00,13.3,85.3,1021.1,23.2
2021-03-21 05:00:00,12.4,80.9,1021.6,12.6
2021-03-21 06:00:00,11.1,76.8,1021.0,10.5
2021-03-21 07:00:00,11.0,75.6,1020.2,8.6
2021-03-21 08:00:00,10.7,72.5,1020.5,8.6
2021-03-21 09:00:00,11.0,69.3,1020.0,13.8
2021-03-21 10:00:00,11.3,66.3,1021.7,9.7
2021-03-21 11:00:00,12.8,63.0,1020.9,8.4
2021-03-21 12:00:00,14.3,60.7,1020.3,11.9
2021-03-21 13:00:00,16.1,57.8,1019.6,14.3
2021-03-21 14:00:00,16.4,55.7,1020.7,12.2
2021-03-21 15:00:00,16.6,55.9,1019.7,18.5
2021-03-21 16:00:00,16.3,56.2,1019.7,16.3
2021-03-21 17:00:00,16.4,56.1,1017.9,13.0
2021-03-21 18:00:00,16.8,60.2,1017.1,16.6
2021-03-21 19:00:00,17.5,67.7,1017.1,15.4
2021-03-21 20:00:00,16.3,63.9,1017.4,14.6
2021-03-21 21:00:00,17.2,68.5,1016.3,12.3
2021-03-21 22:00:00,15.7,70.3,1017.5,20.8
2021-03-21 23:00:00,15.4,77.2,1016.1,20.1
2021-03-22 00:00:00,14.9,84.2,1015.2,9.4
2021-03-22 01:00:00,14.9,84.6,1016.0,12.9
2021-03-22 02:00:00,13.6,90.9,1015.8,9.2
2021-03-22 03:00:00,11.9,75.6,1016.0,12.0
2021-03-22 04:00:00,11.6,84.5,1016.7,10.0
2021-03-22 05:00:00,11.8,80.8,1015.5,11.5
2021-03-22 06:00:00,11.3,80.9,1014.6,10.4
2021-03-22 07:00:00,10.4,77.4,1013.2,10.5
2021-03-22 08:00:00,11.0,74.0,1015.1,14.9
2021-03-22 09:00:00,11.2,68.9,1014.2,12.0
2021-03-22 10:00:00,12.0,73.5,1014.8,17.2
2021-03-22 11:00:00,13.6,62.8,1013.7,8.5
2021-03-22 12:00:00,14.1,63.0,1013.0,16.5
2021-03-22 13:00:00,15.1,56.2,1012.5,12.7
2021-03-22 14:00:00,15.8,56.3,1012.4,17.5
2021-03-22 15:00:00,16.1,57.8,1011.1,17.5
2021-03-22 16:00:00,16.4,49.3,1011.5,13.1
2021-03-22 17:00:00,17.2,62.2,1011.8,20.3
2021-03-22 18:00:00,17.9,58.1,1011.5,15.6
2021-03-22 19:00:00,18.1,65.2,1011.1,13.4
2021-03-22 20:00:00,17.5,64.3,1011.9,20.4
2021-03-22 21:00:00,16.3,70.9,1011.0,13.2
2021-03-22 22:00:00,16.2,75.6,1009.8,10.5
2021-03-22 23:00:00,15.3,70.6,1009.6,8.6
2021-03-23 00:00:00,14.6,83.4,1010.2,9.9
2021-03-23 01:00:00,14.4,80.4,1010.1,8.3
2021-03-23 02:00:00,13.8,80.5,1009.0,9.2
2021-03-23 03:00:00,13.2,83.7,1010.0,28.4
2021-03-23 04:00:00,13.1,86.7,1010.3,8.9
2021-03-23 05:00:00,12.5,86.9,1008.2,27.9
2021-03-23 06:00:00,11.8,76.3,1009.5,10.0
2021-03-23 07:00:00,11.6,73.4,1006.8,9.9
2021-03-23 08:00:00,12.2,71.1,1007.3,12.4
2021-03-23 09:00:00,13.2,66.8,1008.4,9.3
2021-03-23 10:00:00,12.1,61.4,1007.5,19.4
2021-03-23 11:00:00,13.7,60.7,1008.4,15.1
2021-03-23 12:00:00,14.3,58.7,1006.5,10.1
2021-03-23 13:00:00,15.5,57.2,1007.0,23.3
2021-03-23 14:00:00,15.0,51.3,1006.6,13.2
2021-03-23 15:00:00,15.3,51.9,1005.4,16.0
2021-03-23 16:00:00,16.9,54.9,1006.3,22.2
2021-03-23 17:00:00,17.4,55.9,1006.7,16.9
2021-03-23 18:00:00,18.3,56.9,1006.1,19.2
2021-03-23 19:00:00,19.1,60.2,1005.4,14.3
2021-03-23 20:00:00,18.6,66.2,1006.0,12.6
2021-03-23 21:00:00,17.8,68.9,1005.4,11.6
2021-03-23 22:00:00,17.7,76.1,1006.5,10.6
2021-03-23 23:00:00,15.6,81.8,1006.1,9.9
2021-03-24 00:00:00,14.7,78.4,1005.7,9.7
2021-03-24 01:00:00,14.3,79.0,1005.8,9.6
2021-03-24 02:00:00,13.5,83.3,1006.1,8.9
2021-03-24 03:00:00,12.7,81.7,1005.6,14.6
2021-03-24 04:00:00,12.2,78.9,1005.3,10.4
2021-03-24 05:00:00,11.7,86.1,1004.2,20.7
2021-03-24 06:00:00,11.2,79.6,1005.2,11.1
2021-03-24 07:00:00,10.8,74.7,1005.5,12.7
2021-03-24 08:00:00,11.4,74.6,1004.8,9.1
2021-03-24 09:00:00,12.0,73.5,1005.4,14.5
2021-03-24 10:00:00,11.2,66.5,1007.3,10.3
2021-03-24 11:00:00,11.6,58.2,1005.5,12.4
2021-03-24 12:00:00,12.6,59.9,1006.1,13.5
2021-03-24 13:00:00,13.4,58.1,1006.3,12.0
2021-03-24 14:00:00,15.2,53.0,1004.7,17.4
2021-03-24 15:00:00,16.0,53.6,1004.6,25.4
2021-03-24 16:00:00,16.6,53.3,1007.2,17.8
2021-03-24 17:00:00,17.3,54.9,1004.8,18.2
2021-03-24 18:00:00,17.5,62.7,1005.8,17.4
2021-03-24 19:00:00,17.1,68.0,1005.7,12.4
2021-03-24 20:00:00,17.1,61.8,1007.0,15.9
2021-03-24 21:00:00,16.4,72.9,1005.9,11.5
2021-03-24 22:00:00,14.9,76.5,1006.6,26.5
2021-03-24 23:00:00,14.9,75.9,1006.2,9.8
2021-03-25 00:00:00,13.2,83.8,1006.9,13.1
2021-03-25 01:00:00,12.4,83.5,1006.5,8.8
2021-03-25 02:00:00,11.9,77.6,1006.8,29.7
2021-03-25 03:00:00,11.8,85.1,1007.6,8.4
2021-03-25 04:00:00,11.1,81.0,1007.1,8.9
2021-03-25 05:00:00,10.1,79.7,1008.9,9.1
2021-03-25 06:00:00,10.8,87.3,1006.9,9.0
2021-03-25 07:00:00,11.3,79.3,1008.7,15.1
2021-03-25 08:00:00,11.5,80.3,1007.8,12.9
2021-03-25 09:00:00,12.4,71.2,1008.6,9.7
2021-03-25 10:00:00,12.7,67.8,1008.7,11.2
2021-03-25 11:00:00,14.1,61.9,1009.2,8.3
2021-03-25 12:00:00,14.9,59.0,1007.7,9.8
2021-03-25 13:00:00,14.8,56.7,1010.0,15.1
2021-03-25 14:00:00,16.6,55.1,1011.2,13.6
2021-03-25 15:00:00,17.0,52.4,1010.9,23.4
2021-03-25 16:00:00,18.6,55.5,1012.0,15.2
2021-03-25 17:00:00,18.5,59.6,1011.4,15.0
2021-03-25 18:00:00,19.1,61.3,1011.1,23.8
2021-03-25 19:00:00,18.0,65.1,1012.6,22.5
2021-03-25 20:00:00,17.6,70.7,1012.4,16.4
2021-03-25 21:00:00,16.7,68.2,1011.6,13.2
2021-03-25 22:00:00,16.8,82.0,1014.1,9.4
2021-03-25 23:00:00,15.8,76.9,1013.1,16.2
2021-03-26 00:00:00,14.7,83.5,1012.6,12.7
2021-03-26 01:00:00,13.6,85.8,1014.0,21.4
2021-03-26 02:00:00,14.6,80.8,1014.9,14.6
2021-03-26 03:00:00,12.7,84.5,1014.7,8.8
2021-03-26 04:00:00,11.4,84.0,1015.0,8.7
2021-03-26 05:00:00,10.6,83.7,1014.1,13.6
2021-03-26 06:00:00,9.5,78.8,1015.5,8.6
2021-03-26 07:00:00,10.4,76.3,1014.8,9.2
2021-03-26 08:00:00,10.9,69.5,1016.3,14.3
2021-03-26 09:00:00,11.9,73.7,1017.4,19.6
2021-03-26 10:00:00,12.6,64.0,1016.1,19.4
2021-03-26 11:00:00,14.1,63.7,1016.8,11.8
2021-03-26 12:00:00,14.8,58.1,1016.1,22.7
2021-03-26 13:00:00,14.5,57.4,1015.9,15.7
2021-03-26 14:00:00,14.8,58.8,1017.2,16.7
2021-03-26 15:00:00,15.1,49.5,1016.9,20.6
2021-03-26 16:00:00,16.0,57.0,1018.1,19.6
2021-03-26 17:00:00,16.8,61.6,1017.5,13.6
2021-03-26 18:00:00,16.4,63.7,1019.2,12.8
2021-03-26 19:00:00,16.4,65.9,1018.8,21.7
2021-03-26 20:00:00,17.0,65.8,1017.9,19.5
2021-03-26 21:00:00,17.3,66.0,1018.8,11.8
2021-03-26 22:00:00,16.2,76.2,1018.7,23.6
2021-03-26 23:00:00,15.6,79.3,1018.5,11.0
2021-03-27 00:00:00,14.7,79.6,1018.8,14.1
2021-03-27 01:00:00,13.0,80.9,1019.3,31.2
2021-03-27 02:00:00,14.0,91.6,1019.6,16.8
2021-03-27 03:00:00,12.6,80.3,1020.1,10.4
2021-03-27 04:00:00,12.7,84.2,1020.4,14.6
2021-03-27 05:00:00,11.9,84.7,1019.2,8.3
2021-03-27 06:00:00,12.0,79.2,1019.7,28.8
2021-03-27 07:00:00,12.1,74.4,1019.3,31.6
2021-03-27 08:00:00,11.8,73.1,1019.6,15.1
2021-03-27 09:00:00,10.7,67.2,1021.4,9.7
2021-03-27 10:00:00,11.5,64.3,1021.4,8.7
2021-03-27 11:00:00,12.0,62.6,1019.9,16.2
2021-03-27 12:00:00,13.7,55.6,1020.6,10.0
2021-03-27 13:00:00,14.8,56.2,1020.5,11.3
2021-03-27 14:00:00,15.9,60.4,1021.2,18.0
2021-03-27 15:00:00,16.6,51.0,1020.6,34.7
2021-03-27 16:00:00,18.2,61.4,1019.8,25.8
2021-03-27 17:00:00,19.0,63.7,1022.5,14.0
2021-03-27 18:00:00,20.7,62.1,1020.6,30.3
2021-03-27 19:00:00,19.7,60.4,1020.7,12.5
2021-03-27 20:00:00,19.3,69.6,1020.5,16.8
2021-03-27 21:00:00,17.3,66.7,1022.1,18.4
2021-03-27 22:00:00,16.2,69.5,1021.9,10.9
2021-03-27 23:00:00,14.9,75.9,1020.5,8.6
2021-03-28 00:00:00,15.0,82.3,1020.6,8.1
2021-03-28 01:00:00,13.6,79.5,1020.5,9.6
2021-03-28 02:00:00,13.0,79.2,1021.3,13.2
2021-03-28 03:00:00,13.1,81.4,1021.2,8.5
2021-03-28 04:00:00,13.8,87.0,1020.8,16.4
2021-03-28 05:00:00,12.9,86.8,1020.7,11.8
2021-03-28 06:00:00,12.9,77.4,1019.4,14.3
2021-03-28 07:00:00,12.7,77.9,1019.9,15.0
2021-03-28 08:00:00,14.2,72.5,1020.6,9.0
2021-03-28 09:00:00,15.1,64.9,1019.5,8.7
2021-03-28 10:00:00,15.7,67.6,1020.4,17.5
2021-03-28 11:00:00,16.7,70.7,1020.2,11.5
2021-03-28 12:00:00,16.7,62.2,1017.8,9.3
2021-03-28 13:00:00,17.9,54.7,1021.2,14.2
2021-03-28 14:00:00,18.6,51.2,1018.1,17.5
2021-03-28 15:00:00,19.3,46.3,1018.6,14.5
2021-03-28 16:00:00,19.2,55.0,1019.9,14.2
2021-03-28 17:00:00,20.1,58.0,1019.1,21.9
2021-03-28 18:00:00,20.8,58.3,1018.4,13.5
2021-03-28 19:00:00,21.0,61.7,1017.8,13.8
2021-03-28 20:00:00,19.4,70.5,1017.5,13.0
2021-03-28 21:00:00,19.0,65.9,1018.1,14.3
2021-03-28 22:00:00,19.1,76.0,1018.5,10.4
2021-03-28 23:00:00,18.1,74.5,1017.8,16.6
2021-03-29 00:00:00,16.6,78.7,1018.1,10.8
2021-03-29 01:00:00,17.2,87.0,1016.6,8.4
2021-03-29 02:00:00,16.3,85.5,1015.9,13.1
2021-03-29 03:00:00,15.2,83.2,1016.4,9.6
2021-03-29 04:00:00,14.7,82.9,1016.4,25.3
2021-03-29 05:00:00,14.1,82.0,1015.6,21.0
2021-03-29 06:00:00,14.1,84.9,1014.5,11.4
2021-03-29 07:00:00,15.0,72.9,1014.5,18.0
2021-03-29 08:00:00,14.1,72.6,1014.8,22.6
2021-03-29 09:00:00,14.1,67.9,1014.6,14.8
2021-03-29 10:00:00,15.3,65.4,1012.6,11.2
2021-03-29 11:00:00,15.1,62.8,1013.6,11.6
2021-03-29 12:00:00,39.5,98.0,1032.0,2.0
2021-03-29 13:00:00,17.4,55.8,1010.8,16.6
2021-03-29 14:00:00,18.0,59.6,1012.5,33.0
2021-03-29 15:00:00,18.2,56.1,1011.5,13.9
2021-03-29 16:00:00,17.4,58.6,1013.1,14.7
2021-03-29 17:00:00,17.2,61.6,1010.3,15.6
2021-03-29 18:00:00,17.5,60.6,1012.6,27.3
2021-03-29 19:00:00,18.1,63.0,1011.4,19.1
2021-03-29 20:00:00,17.3,65.0,1012.3,14.3
2021-03-29 21:00:00,16.0,65.1,1010.5,13.8
2021-03-29 22:00:00,13.6,72.9,1011.3,11.9
2021-03-29 23:00:00,12.9,72.6,1008.9,14.9
2021-03-30 00:00:00,12.5,76.1,1009.8,14.7
2021-03-30 01:00:00,11.7,88.3,1009.1,18.6
2021-03-30 02:00:00,10.7,83.8,1007.6,13.6
2021-03-30 03:00:00,9.6,87.7,1008.3,9.3
2021-03-30 04:00:00,10.7,87.1,1006.8,10.7
2021-03-30 05:00:00,10.5,80.9,1009.0,8.6
2021-03-30 06:00:00,11.1,79.4,1006.9,8.6
2021-03-30 07:00:00,11.1,76.7,1008.7,9.2
2021-03-30 08:00:00,11.5,70.0,1007.9,21.5
2021-03-30 09:00:00,12.7,66.5,1006.4,8.2
2021-03-30 10:00:00,12.6,67.1,1006.6,12.8
2021-03-30 11:00:00,13.6,61.2,1007.8,8.0
2021-03-30 12:00:00,14.8,58.2,1006.8,12.7
2021-03-30 13:00:00,16.0,60.1,1007.3,11.3
2021-03-30 14:00:00,17.3,57.9,1007.3,12.8
2021-03-30 15:00:00,18.7,53.0,1006.9,15.1
2021-03-30 16:00:00,19.6,60.5,1007.0,22.0
2021-03-30 17:00:00,20.2,58.5,1006.8,15.8
2021-03-30 18:00:00,19.5,64.1,1006.2,13.0
2021-03-30 19:00:00,19.7,58.6,1006.7,23.9
2021-03-30 20:00:00,19.6,67.8,1004.6,13.1
2021-03-30 21:00:00,19.1,66.7,1006.2,18.5
2021-03-30 22:00:00,18.3,71.3,1005.8,12.8
2021-03-30 23:00:00,16.3,82.6,1004.8,10.5
2021-03-31 00:00:00,15.8,81.5,1005.9,11.5
2021-03-31 01:00:00,15.1,83.2,1004.8,13.7
2021-03-31 02:00:00,13.5,91.4,1005.3,9.7
2021-03-31 03:00:00,12.3,79.9,1005.4,9.4
2021-03-31 04:00:00,12.4,87.4,1005.3,18.0
2021-03-31 05:00:00,13.2,85.3,1005.2,16.6
2021-03-31 06:00:00,13.3,85.1,1005.7,11.5
2021-03-31 07:00:00,12.4,81.4,1007.5,12.5
2021-03-31 08:00:00,12.4,72.3,1005.4,31.2
2021-03-31 09:00:00,13.1,72.9,1004.9,12.8
2021-03-31 10:00:00,13.9,66.6,1004.8,13.0
2021-03-31 11:00:00,15.0,62.8,1006.1,11.3
2021-03-31 12:00:00,14.9,59.1,1005.2,10.9
2021-03-31 13:00:00,16.3,55.2,1006.2,12.4
2021-03-31 14:00:00,17.3,55.8,1006.9,12.7
2021-03-31 15:00:00,18.3,48.5,1006.0,12.9
2021-03-31 16:00:00,19.5,62.2,1005.4,13.3
2021-03-31 17:00:00,20.1,60.8,1006.0,22.9
2021-03-31 18:00:00,19.7,63.7,1005.1,16.6
2021-03-31 19:00:00,20.4,59.5,1007.0,13.5
2021-03-31 20:00:00,19.0,70.3,1007.2,12.2
2021-03-31 21:00:00,19.3,64.3,1005.6,15.8
2021-03-31 22:00:00,18.9,78.2,1006.9,13.2
2021-03-31 23:00:00,17.9,74.8,1007.9,30.9
2021-04-01 00:00:00,17.3,85.2,1007.5,12.0
2021-04-01 01:00:00,16.5,82.9,1008.8,17.6
2021-04-01 02:00:00,16.9,80.0,1008.1,14.3
2021-04-01 03:00:00,15.5,86.0,1007.4,10.7
2021-04-01 04:00:00,15.4,83.0,1008.9,14.0
2021-04-01 05:00:00,14.9,83.6,1008.2,12.2
2021-04-01 06:00:00,14.7,76.2,1008.2,13.8
2021-04-01 07:00:00,13.9,83.0,1006.9,8.9
2021-04-01 08:00:00,14.0,70.9,1008.9,9.6
2021-04-01 09:00:00,13.8,70.7,1009.4,9.2
2021-04-01 10:00:00,14.0,60.3,1009.5,14.2
2021-04-01 11:00:00,14.1,60.0,1009.4,9.2
2021-04-01 12:00:00,14.9,55.7,1009.9,10.7
2021-04-01 13:00:00,16.0,58.7,1010.2,21.3
2021-04-01 14:00:00,17.4,54.5,1010.6,13.0
2021-04-01 15:00:00,17.3,56.7,1009.7,12.3
2021-04-01 16:00:00,17.5,58.9,1010.7,18.9
2021-04-01 17:00:00,18.3,52.4,1010.8,15.6
2021-04-01 18:00:00,18.2,57.7,1012.8,21.5
2021-04-01 19:00:00,18.8,64.0,1013.8,13.3
2021-04-01 20:00:00,19.3,65.5,1013.4,19.1
2021-04-01 21:00:00,18.7,73.9,1013.2,12.9
2021-04-01 22:00:00,17.4,68.9,1012.0,17.8
2021-04-01 23:00:00,16.3,77.9,1013.6,12.4
2021-04-02 00:00:00,16.0,75.9,1013.6,14.5
2021-04-02 01:00:00,15.7,78.6,1014.8,8.5
2021-04-02 02:00:00,15.1,86.2,1014.2,11.4
2021-04-02 03:00:00,14.1,84.4,1013.0,8.1
2021-04-02 04:00:00,13.8,86.1,1013.6,8.4
2021-04-02 05:00:00,13.9,85.0,1015.0,20.0
2021-04-02 06:00:00,13.9,80.4,1013.8,16.3
2021-04-02 07:00:00,13.7,75.2,1014.8,8.1
2021-04-02 08:00:00,14.3,69.4,1015.5,9.4
2021-04-02 09:00:00,14.5,71.4,1016.1,12.9
2021-04-02 10:00:00,16.6,66.8,1016.5,14.7
2021-04-02 11:00:00,17.0,60.0,1017.5,9.1
2021-04-02 12:00:00,16.7,59.9,1016.3,11.3
2021-04-02 13:00:00,17.6,57.6,1017.2,16.4
2021-04-02 14:00:00,18.1,54.4,1017.4,13.3
2021-04-02 15:00:00,18.5,49.3,1017.4,13.1
2021-04-02 16:00:00,19.2,55.2,1017.4,18.2
2021-04-02 17:00:00,19.7,57.9,1019.6,15.4
2021-04-02 18:00:00,20.7,55.7,1018.6,13.4
2021-04-02 19:00:00,20.7,68.5,1019.7,14.5
2021-04-02 20:00:00,20.1,65.1,1020.3,22.8
2021-04-02 21:00:00,18.9,68.5,1018.6,14.3
2021-04-02 22:00:00,17.6,71.2,1019.8,11.1
2021-04-02 23:00:00,17.7,78.6,1018.6,8.5
2021-04-03 00:00:00,17.7,78.4,1020.8,14.2
2021-04-03 01:00:00,16.3,83.2,1019.7,21.5
2021-04-03 02:00:00,16.0,88.0,1019.5,14.4
2021-04-03 03:00:00,15.7,85.8,1019.1,8.3
2021-04-03 04:00:00,13.7,80.9,1020.1,34.3
2021-04-03 05:00:00,13.6,84.2,1021.0,9.9
2021-04-03 06:00:00,12.6,82.7,1019.2,10.0
2021-04-03 07:00:00,13.3,78.9,1019.5,9.4
2021-04-03 08:00:00,13.0,75.6,1019.7,16.6
2021-04-03 09:00:00,13.4,67.0,1021.5,10.7
2021-04-03 10:00:00,13.3,63.9,1020.9,9.3
2021-04-03 11:00:00,13.3,72.1,1021.0,8.1
2021-04-03 12:00:00,13.0,56.7,1021.3,11.4
2021-04-03 13:00:00,14.3,60.5,1019.8,19.0
2021-04-03 14:00:00,15.4,57.1,1022.5,23.7
2021-04-03 15:00:00,15.2,55.3,1022.7,12.6
2021-04-03 16:00:00,17.3,61.4,1021.0,13.0
2021-04-03 17:00:00,17.4,59.8,1021.1,19.0
2021-04-03 18:00:00,17.8,58.4,1022.1,13.0
2021-04-03 19:00:00,17.1,61.7,1021.5,12.7
2021-04-03 20:00:00,16.2,63.8,1021.5,18.3
2021-04-03 21:00:00,16.6,69.9,1020.0,12.3
2021-04-03 22:00:00,15.9,75.3,1021.4,11.0
2021-04-03 23:00:00,14.7,81.0,1022.5,8.2
2021-04-04 00:00:00,14.4,77.1,1022.6,13.7
2021-04-04 01:00:00,14.0,85.7,1020.3,16.8
2021-04-04 02:00:00,14.2,82.8,1020.7,8.9
2021-04-04 03:00:00,13.1,88.6,1020.6,27.1
2021-04-04 04:00:00,13.1,86.0,1020.3,9.0
2021-04-04 05:00:00,12.6,82.9,1019.6,17.2
2021-04-04 06:00:00,12.9,77.5,1020.0,16.8
2021-04-04 07:00:00,13.8,80.3,1021.6,13.2
2021-04-04 08:00:00,14.1,75.2,1021.1,17.4
2021-04-04 09:00:00,14.9,72.4,1020.1,11.9
2021-04-04 10:00:00,16.2,67.7,1019.9,12.0
2021-04-04 11:00:00,16.2,62.0,1019.5,9.6
2021-04-04 12:00:00,17.7,58.8,1018.2,9.5
2021-04-04 13:00:00,18.0,54.2,1021.1,10.5
2021-04-04 14:00:00,18.4,57.4,1018.7,18.5
2021-04-04 15:00:00,19.3,53.8,1016.8,18.4
2021-04-04 16:00:00,20.3,57.3,1018.7,21.1
2021-04-04 17:00:00,20.3,59.4,1019.3,15.4
2021-04-04 18:00:00,19.4,56.4,1018.1,15.9
2021-04-04 19:00:00,19.8,63.5,1017.8,18.7
2021-04-04 20:00:00,20.4,62.5,1017.0,12.4
2021-04-04 21:00:00,19.0,73.5,1017.3,17.0
2021-04-04 22:00:00,17.7,68.2,1016.5,11.4
2021-04-04 23:00:00,18.0,73.7,1018.2,10.8
2021-04-05 00:00:00,18.0,77.3,1016.3,12.7
2021-04-05 01:00:00,17.3,84.5,1016.7,12.9
2021-04-05 02:00:00,15.4,84.6,1017.2,12.0
2021-04-05 03:00:00,15.7,90.1,1015.6,8.5
2021-04-05 04:00:00,15.4,85.9,1016.0,9.6
2021-04-05 05:00:00,14.8,82.1,1015.6,9.0
2021-04-05 06:00:00,14.5,78.3,1014.4,18.5
2021-04-05 07:00:00,14.5,76.5,1014.4,8.7
2021-04-05 08:00:00,14.5,73.5,1015.0,17.7
2021-04-05 09:00:00,14.4,71.4,1013.9,10.3
2021-04-05 10:00:00,15.9,60.0,1013.0,11.5
2021-04-05 11:00:00,17.2,62.0,1015.2,13.7
2021-04-05 12:00:00,17.2,56.4,1013.2,17.9
2021-04-05 13:00:00,17.5,62.9,1013.0,12.2
2021-04-05 14:00:00,18.6,58.0,1013.4,14.6
2021-04-05 15:00:00,19.5,57.8,1012.9,17.5
2021-04-05 16:00:00,20.6,53.5,1013.2,25.3
2021-04-05 17:00:00,21.3,61.5,1011.1,14.1
2021-04-05 18:00:00,21.1,61.7,1012.4,18.9
2021-04-05 19:00:00,20.9,60.1,1011.3,12.5
2021-04-05 20:00:00,20.9,68.9,1010.4,11.7
2021-04-05 21:00:00,20.0,67.6,1010.1,24.3
2021-04-05 22:00:00,18.9,76.3,1010.1,19.4
2021-04-05 23:00:00,18.2,81.9,1009.7,9.6
2021-04-06 00:00:00,17.2,79.7,1010.5,9.8
2021-04-06 01:00:00,16.7,81.6,1007.9,11.7
2021-04-06 02:00:00,15.7,82.5,1009.4,19.6
2021-04-06 03:00:00,14.8,82.3,1010.1,8.9
2021-04-06 04:00:00,13.9,87.0,1007.5,8.9
2021-04-06 05:00:00,13.8,82.1,1007.8,13.9
2021-04-06 06:00:00,13.6,80.9,1008.5,8.4
2021-04-06 07:00:00,12.9,75.5,1007.1,10.0
2021-04-06 08:00:00,14.8,73.3,1007.7,9.9
2021-04-06 09:00:00,14.2,71.9,1008.3,8.8
2021-04-06 10:00:00,15.0,65.0,1008.2,11.7
2021-04-06 11:00:00,15.7,65.8,1007.2,16.9
2021-04-06 12:00:00,17.0,61.7,1007.4,10.5
2021-04-06 13:00:00,17.8,60.1,1006.7,14.4
2021-04-06 14:00:00,18.9,58.0,1005.5,29.4
2021-04-06 15:00:00,20.8,54.5,1006.4,20.7
2021-04-06 16:00:00,22.4,56.2,1004.7,18.8
2021-04-06 17:00:00,22.4,55.0,1005.5,15.6
2021-04-06 18:00:00,21.8,62.4,1004.7,13.4
2021-04-06 19:00:00,21.4,63.9,1006.7,13.3
2021-04-06 20:00:00,20.4,64.0,1004.7,17.4
2021-04-06 21:00:00,20.7,67.7,1005.9,15.3
2021-04-06 22:00:00,21.0,71.2,1007.1,9.8
2021-04-06 23:00:00,20.0,75.1,1004.6,10.6
2021-04-07 00:00:00,18.0,80.7,1005.8,10.9
2021-04-07 01:00:00,17.0,82.3,1005.3,9.7
2021-04-07 02:00:00,15.8,85.5,1004.6,9.1
2021-04-07 03:00:00,15.3,83.5,1005.4,25.2
2021-04-07 04:00:00,15.3,82.9,1005.8,14.8
2021-04-07 05:00:00,14.0,85.9,1005.3,9.3
2021-04-07 06:00:00,13.6,86.6,1005.1,15.9
2021-04-07 07:00:00,14.9,75.6,1005.6,19.5
2021-04-07 08:00:00,15.0,74.2,1005.7,16.5
2021-04-07 09:00:00,15.8,71.7,1004.3,10.0
2021-04-07 10:00:00,18.1,63.7,1005.4,9.1
2021-04-07 11:00:00,20.1,59.0,1004.2,16.1
2021-04-07 12:00:00,20.0,58.7,1004.0,10.2
2021-04-07 13:00:00,19.2,60.0,1005.0,13.4
2021-04-07 14:00:00,20.7,58.7,1004.5,19.2
2021-04-07 15:00:00,21.1,57.3,1004.8,13.8
2021-04-07 16:00:00,20.0,53.1,1005.9,15.7
2021-04-07 17:00:00,20.7,54.2,1005.1,13.1
2021-04-07 18:00:00,20.5,52.9,1006.7,19.6
2021-04-07 19:00:00,20.7,64.7,1006.8,17.3
2021-04-07 20:00:00,20.2,67.8,1006.9,15.4
2021-04-07 21:00:00,19.5,70.2,1007.9,18.2
2021-04-07 22:00:00,19.1,69.5,1006.3,14.2
2021-04-07 23:00:00,19.8,75.0,1006.0,8.5
2021-04-08 00:00:00,18.0,81.6,1007.5,19.3
2021-04-08 01:00:00,17.5,85.9,1007.7,10.2
2021-04-08 02:00:00,17.0,82.0,1007.2,8.4
2021-04-08 03:00:00,16.2,86.2,1007.5,13.8
2021-04-08 04:00:00,15.2,86.3,1009.0,9.0
2021-04-08 05:00:00,14.2,84.9,1008.1,12.2
2021-04-08 06:00:00,13.9,80.1,1010.8,11.3
2021-04-08 07:00:00,13.8,74.7,1007.8,8.9
2021-04-08 08:00:00,14.0,67.0,1008.8,8.1
2021-04-08 09:00:00,14.7,68.3,1009.0,18.1
2021-04-08 10:00:00,15.7,67.5,1009.0,14.5
2021-04-08 11:00:00,16.8,64.7,1009.3,11.3
2021-04-08 12:00:00,18.1,58.6,1009.1,16.1
2021-04-08 13:00:00,18.7,53.4,1010.1,13.1
2021-04-08 14:00:00,19.5,57.2,1009.7,13.2
2021-04-08 15:00:00,19.0,51.9,1011.3,19.6
2021-04-08 16:00:00,19.2,60.5,1011.8,23.6
2021-04-08 17:00:00,19.6,52.6,1011.8,21.5
2021-04-08 18:00:00,19.3,56.5,1010.5,15.2
2021-04-08 19:00:00,19.9,61.8,1011.5,13.2
2021-04-08 20:00:00,20.5,66.9,1011.5,20.3
2021-04-08 21:00:00,19.8,65.2,1010.7,12.7
2021-04-08 22:00:00,-16.0,12.0,975.0,42.0
2021-04-08 23:00:00,19.8,81.4,1013.5,10.3
2021-04-09 00:00:00,18.9,79.1,1013.2,10.0
2021-04-09 01:00:00,18.1,77.8,1013.9,19.5
2021-04-09 02:00:00,16.6,83.4,1013.1,8.5
2021-04-09 03:00:00,15.5,84.3,1015.2,18.7
2021-04-09 04:00:00,15.1,83.6,1015.1,15.1
2021-04-09 05:00:00,14.4,81.9,1015.4,9.1
2021-04-09 06:00:00,14.5,77.3,1015.9,8.7
2021-04-09 07:00:00,14.5,78.8,1015.9,10.4
2021-04-09 08:00:00,14.3,72.7,1014.6,30.1
2021-04-09 09:00:00,13.9,72.1,1015.5,17.2
2021-04-09 10:00:00,13.7,69.8,1016.4,13.2
2021-04-09 11:00:00,14.7,63.7,1016.6,16.1
2021-04-09 12:00:00,15.7,57.0,1016.7,13.4
2021-04-09 13:00:00,16.2,55.4,1018.0,13.0
2021-04-09 14:00:00,17.1,52.4,1018.5,12.2
2021-04-09 15:00:00,16.8,52.1,1018.3,12.5
2021-04-09 16:00:00,17.9,55.6,1018.3,18.6
2021-04-09 17:00:00,19.0,55.3,1018.2,14.1
2021-04-09 18:00:00,20.0,57.7,1020.2,26.4
2021-04-09 19:00:00,19.1,64.1,1018.0,20.0
2021-04-09 20:00:00,20.2,70.8,1019.3,16.3
2021-04-09 21:00:00,20.1,70.9,1018.3,11.4
2021-04-09 22:00:00,20.0,76.4,1020.2,16.3
2021-04-09 23:00:00,20.1,83.4,1018.0,10.7
2021-04-10 00:00:00,18.8,81.1,1018.5,13.4
2021-04-10 01:00:00,17.8,85.6,1019.6,14.6
2021-04-10 02:00:00,17.0,86.8,1019.8,12.1
2021-04-10 03:00:00,16.5,88.1,1019.2,14.6
2021-04-10 04:00:00,16.0,85.7,1020.5,8.1
2021-04-10 05:00:00,15.5,84.2,1021.8,9.0
2021-04-10 06:00:00,15.5,81.9,1019.6,17.8
2021-04-10 07:00:00,15.1,77.7,1019.9,11.0
2021-04-10 08:00:00,15.7,76.8,1021.2,10.3
2021-04-10 09:00:00,15.8,76.0,1020.5,11.6
2021-04-10 10:00:00,16.5,64.2,1020.8,9.8
2021-04-10 11:00:00,17.5,65.5,1020.1,8.8
2021-04-10 12:00:00,18.9,55.9,1021.1,10.3
2021-04-10 13:00:00,20.8,61.4,1021.3,13.5
2021-04-10 14:00:00,21.2,62.3,1021.9,12.4
2021-04-10 15:00:00,21.9,51.4,1021.2,12.6
2021-04-10 16:00:00,22.2,56.9,1020.5,15.6
2021-04-10 17:00:00,21.5,56.2,1022.0,17.5
2021-04-10 18:00:00,21.0,58.7,1020.1,18.0
2021-04-10 19:00:00,21.3,64.5,1021.1,12.6
2021-04-10 20:00:00,21.5,66.6,1021.6,12.8
2021-04-10 21:00:00,21.1,66.5,1020.3,13.0
2021-04-10 22:00:00,21.2,76.8,1021.6,10.4
2021-04-10 23:00:00,20.0,78.1,1020.4,9.7
2021-04-11 00:00:00,18.3,77.8,1021.8,14.0
2021-04-11 01:00:00,17.9,80.5,1021.1,19.9
2021-04-11 02:00:00,17.1,87.1,1021.4,19.5
2021-04-11 03:00:00,16.5,85.3,1020.9,11.2
2021-04-11 04:00:00,15.7,86.1,1020.7,13.7
2021-04-11 05:00:00,15.6,85.4,1019.7,25.5
2021-04-11 06:00:00,14.7,78.9,1020.5,16.5
2021-04-11 07:00:00,15.1,69.2,1019.3,17.0
2021-04-11 08:00:00,15.0,73.6,1020.4,9.8
2021-04-11 09:00:00,15.7,69.7,1019.1,14.6
2021-04-11 10:00:00,16.8,66.0,1019.1,8.1
2021-04-11 11:00:00,17.5,59.7,1020.7,19.1
2021-04-11 12:00:00,18.4,53.5,1020.4,9.9
2021-04-11 13:00:00,18.7,55.1,1018.1,10.6
2021-04-11 14:00:00,20.7,54.7,1018.9,15.0
2021-04-11 15:00:00,20.9,55.2,1020.2,30.4
2021-04-11 16:00:00,20.8,59.3,1019.4,17.9
2021-04-11 17:00:00,22.6,63.0,1018.1,18.7
2021-04-11 18:00:00,23.1,57.5,1019.2,14.4
2021-04-11 19:00:00,22.6,59.8,1016.5,14.8
2021-04-11 20:00:00,20.5,70.9,1017.7,15.2
2021-04-11 21:00:00,20.3,67.7,1018.4,13.3
2021-04-11 22:00:00,18.3,76.1,1017.4,26.7
2021-04-11 23:00:00,17.4,72.9,1017.0,11.1
2021-04-12 00:00:00,17.8,86.9,1015.9,9.8
2021-04-12 01:00:00,16.5,81.7,1017.8,8.1
2021-04-12 02:00:00,16.4,85.1,1016.0,9.8
2021-04-12 03:00:00,15.7,81.0,1016.4,8.0
2021-04-12 04:00:00,15.2,87.3,1015.3,13.5
2021-04-12 05:00:00,16.1,83.2,1014.9,8.4
2021-04-12 06:00:00,15.5,90.5,1015.4,8.4
2021-04-12 07:00:00,16.3,78.2,1015.6,10.2
2021-04-12 08:00:00,16.7,69.9,1012.6,8.5
2021-04-12 09:00:00,17.7,69.8,1014.8,9.9
2021-04-12 10:00:00,17.2,64.4,1013.4,13.7
2021-04-12 11:00:00,18.5,63.0,1014.0,12.0
2021-04-12 12:00:00,19.1,60.6,1012.2,13.2
2021-04-12 13:00:00,19.4,52.6,1014.1,13.4
2021-04-12 14:00:00,20.6,58.0,1011.9,17.8
2021-04-12 15:00:00,22.4,51.9,1012.5,15.1
2021-04-12 16:00:00,22.6,55.9,1010.2,15.6
2021-04-12 17:00:00,22.2,57.2,1010.7,14.8
2021-04-12 18:00:00,22.3,63.0,1012.2,17.0
2021-04-12 19:00:00,22.7,61.1,1012.5,14.8
2021-04-12 20:00:00,22.2,66.3,1011.5,14.6
2021-04-12 21:00:00,20.5,70.9,1010.7,19.4
2021-04-12 22:00:00,19.7,71.7,1010.9,12.6
2021-04-12 23:00:00,19.3,77.0,1010.3,14.7
2021-04-13 00:00:00,18.1,76.2,1010.3,8.8
2021-04-13 01:00:00,17.6,82.8,1008.6,9.3
2021-04-13 02:00:00,16.3,79.3,1009.0,30.6
2021-04-13 03:00:00,16.3,88.5,1009.0,13.8
2021-04-13 04:00:00,15.7,84.5,1008.4,8.5
2021-04-13 05:00:00,15.2,84.0,1009.4,16.9
2021-04-13 06:00:00,14.9,81.0,1008.8,28.3
2021-04-13 07:00:00,15.4,80.0,1006.6,12.0
2021-04-13 08:00:00,16.1,69.8,1008.5,10.8
2021-04-13 09:00:00,15.8,68.7,1007.2,16.5
2021-04-13 10:00:00,16.3,64.6,1007.3,11.2
2021-04-13 11:00:00,16.3,61.4,1008.3,24.0
2021-04-13 12:00:00,16.4,59.6,1006.0,9.9
2021-04-13 13:00:00,18.1,54.3,1007.2,10.6
2021-04-13 14:00:00,18.3,56.5,1007.3,16.7
2021-04-13 15:00:00,19.3,58.3,1005.8,12.5
2021-04-13 16:00:00,21.3,51.3,1005.1,14.5
2021-04-13 17:00:00,21.9,59.8,1006.1,22.7
2021-04-13 18:00:00,21.5,59.3,1005.8,13.2
2021-04-13 19:00:00,20.9,60.9,1005.3,18.7
2021-04-13 20:00:00,20.3,70.1,1006.0,18.7
2021-04-13 21:00:00,19.6,69.0,1006.5,22.9
2021-04-13 22:00:00,18.9,71.6,1004.5,13.6
2021-04-13 23:00:00,18.5,82.2,1004.9,11.7
2021-04-14 00:00:00,18.3,82.5,1006.2,12.8
2021-04-14 01:00:00,17.4,82.2,1005.5,17.6
2021-04-14 02:00:00,16.9,85.6,1006.8,11.2
2021-04-14 03:00:00,17.2,85.5,1003.0,16.3
2021-04-14 04:00:00,16.5,82.3,1005.7,19.2
2021-04-14 05:00:00,15.9,83.1,1004.4,8.3
2021-04-14 06:00:00,15.4,79.7,1005.4,15.2
2021-04-14 07:00:00,15.3,73.0,1004.3,20.9
2021-04-14 08:00:00,15.2,78.1,1003.5,12.3
2021-04-14 09:00:00,17.0,70.7,1005.9,10.9
2021-04-14 10:00:00,17.4,68.1,1006.1,16.3
2021-04-14 11:00:00,19.0,63.9,1006.4,13.0
2021-04-14 12:00:00,19.4,57.6,1006.1,11.5
2021-04-14 13:00:00,18.9,53.8,1006.1,10.9
2021-04-14 14:00:00,20.2,60.0,1006.6,15.0
2021-04-14 15:00:00,20.4,56.9,1004.8,15.5
2021-04-14 16:00:00,20.5,58.8,1005.4,13.2
2021-04-14 17:00:00,20.9,54.4,1006.3,13.4
2021-04-14 18:00:00,22.2,61.9,1005.9,14.1
2021-04-14 19:00:00,22.4,60.3,1005.8,13.6
2021-04-14 20:00:00,23.4,63.6,1006.3,11.9
2021-04-14 21:00:00,23.6,75.4,1005.0,10.9
2021-04-14 22:00:00,21.6,71.2,1007.5,11.8
2021-04-14 23:00:00,20.5,81.8,1007.2,8.6
2021-04-15 00:00:00,18.3,81.8,1007.0,10.1
2021-04-15 01:00:00,17.8,82.8,1007.9,15.2
2021-04-15 02:00:00,17.6,87.4,1007.2,13.4
2021-04-15 03:00:00,15.5,86.6,1007.2,8.4
2021-04-15 04:00:00,16.4,82.4,1007.4,8.2
2021-04-15 05:00:00,15.0,90.3,1007.8,12.6
2021-04-15 06:00:00,14.8,79.8,1006.4,9.6
2021-04-15 07:00:00,14.5,78.3,1008.6,11.5
2021-04-15 08:00:00,14.6,71.3,1008.2,25.8
2021-04-15 09:00:00,16.4,71.0,1009.0,15.4
2021-04-15 10:00:00,17.3,62.7,1010.0,14.7
2021-04-15 11:00:00,17.3,61.6,1009.4,15.3
2021-04-15 12:00:00,18.0,56.4,1009.4,12.2
2021-04-15 13:00:00,19.0,63.8,1008.7,12.8
2021-04-15 14:00:00,20.1,58.5,1010.9,16.0
2021-04-15 15:00:00,21.0,55.7,1011.9,23.3
2021-04-15 16:00:00,21.8,51.8,1011.0,19.2
2021-04-15 17:00:00,22.1,57.5,1010.9,13.7
2021-04-15 18:00:00,22.4,60.2,1010.8,14.2
2021-04-15 19:00:00,23.0,61.4,1012.8,15.6
2021-04-15 20:00:00,22.8,67.0,1012.1,15.0
2021-04-15 21:00:00,23.0,69.7,1011.6,22.8
2021-04-15 22:00:00,22.4,78.5,1014.0,11.0
2021-04-15 23:00:00,21.0,75.4,1012.1,9.6
2021-04-16 00:00:00,19.9,77.2,1014.9,14.1
2021-04-16 01:00:00,19.4,81.2,1013.1,9.1
2021-04-16 02:00:00,19.6,90.7,1014.0,9.2
2021-04-16 03:00:00,19.6,81.2,1015.2,8.8
2021-04-16 04:00:00,19.6,83.8,1013.9,8.6
2021-04-16 05:00:00,18.2,82.2,1014.7,9.6
2021-04-16 06:00:00,16.9,84.3,1015.6,12.7
2021-04-16 07:00:00,17.0,71.5,1015.4,10.4
2021-04-16 08:00:00,17.5,74.4,1015.9,8.3
2021-04-16 09:00:00,18.4,68.7,1016.8,10.1
2021-04-16 10:00:00,19.5,66.8,1017.6,19.9
2021-04-16 11:00:00,19.1,64.0,1015.5,15.1
2021-04-16 12:00:00,19.1,64.1,1015.9,15.8
2021-04-16 13:00:00,20.2,56.9,1016.7,11.1
2021-04-16 14:00:00,20.2,58.6,1016.6,25.4
2021-04-16 15:00:00,19.8,51.2,1017.7,16.5
2021-04-16 16:00:00,20.3,55.3,1016.8,25.8
2021-04-16 17:00:00,21.6,57.4,1018.1,21.0
2021-04-16 18:00:00,22.1,59.0,1018.2,14.9
2021-04-16 19:00:00,22.8,59.2,1019.1,14.6
2021-04-16 20:00:00,22.0,61.7,1019.1,12.2
2021-04-16 21:00:00,20.8,67.6,1018.6,12.0
2021-04-16 22:00:00,20.6,76.9,1018.3,26.2
2021-04-16 23:00:00,20.2,71.8,1019.5,9.2
2021-04-17 00:00:00,20.8,83.2,1019.3,9.9
2021-04-17 01:00:00,20.6,84.7,1019.9,15.3
2021-04-17 02:00:00,19.3,90.5,1020.6,8.8
2021-04-17 03:00:00,19.0,84.3,1019.9,8.6
2021-04-17 04:00:00,19.1,85.6,1020.9,8.2
2021-04-17 05:00:00,17.8,82.8,1020.0,14.3
2021-04-17 06:00:00,17.3,82.9,1019.8,10.2
2021-04-17 07:00:00,16.1,76.7,1019.5,10.2
2021-04-17 08:00:00,17.0,75.4,1020.1,10.0
2021-04-17 09:00:00,17.3,66.1,1021.9,10.7
2021-04-17 10:00:00,17.1,61.3,1021.3,15.8
2021-04-17 11:00:00,18.3,60.9,1021.7,13.3
2021-04-17 12:00:00,17.5,60.9,1020.7,9.5
2021-04-17 13:00:00,18.3,63.0,1020.4,10.6
2021-04-17 14:00:00,18.5,52.1,1019.8,15.1
2021-04-17 15:00:00,19.5,52.6,1020.8,13.5
2021-04-17 16:00:00,20.4,54.8,1021.1,43.5
2021-04-17 17:00:00,20.4,58.1,1021.4,26.7
2021-04-17 18:00:00,21.0,62.9,1020.3,15.5
2021-04-17 19:00:00,20.9,61.9,1019.7,16.1
2021-04-17 20:00:00,21.5,67.2,1020.4,13.1
2021-04-17 21:00:00,21.1,71.3,1020.6,11.9
2021-04-17 22:00:00,20.7,79.0,1020.6,16.2
2021-04-17 23:00:00,20.5,79.2,1021.5,14.6
2021-04-18 00:00:00,20.2,78.7,1020.5,20.3
2021-04-18 01:00:00,19.9,80.7,1020.1,11.0
2021-04-18 02:00:00,18.3,86.4,1021.1,11.9
2021-04-18 03:00:00,17.3,85.5,1020.0,12.4
2021-04-18 04:00:00,17.1,86.3,1020.5,8.4
2021-04-18 05:00:00,17.2,75.4,1021.7,12.3
2021-04-18 06:00:00,16.2,76.8,1021.8,8.1
2021-04-18 07:00:00,15.5,79.2,1020.8,12.0
2021-04-18 08:00:00,16.8,71.8,1020.3,10.8
2021-04-18 09:00:00,17.3,66.7,1017.8,8.7
2021-04-18 10:00:00,18.8,61.1,1020.5,10.6
2021-04-18 11:00:00,19.0,58.1,1019.2,8.6
2021-04-18 12:00:00,20.8,55.5,1018.6,35.0
2021-04-18 13:00:00,20.9,61.7,1019.7,12.7
2021-04-18 14:00:00,21.0,56.5,1017.7,13.2
2021-04-18 15:00:00,22.0,53.4,1019.0,13.3
2021-04-18 16:00:00,22.7,48.9,1019.0,24.1
2021-04-18 17:00:00,22.9,54.6,1018.0,18.2
2021-04-18 18:00:00,22.6,61.6,1017.2,27.3
2021-04-18 19:00:00,22.5,64.6,1018.4,14.4
2021-04-18 20:00:00,21.1,63.6,1016.4,14.3
2021-04-18 21:00:00,20.3,68.8,1018.1,11.5
2021-04-18 22:00:00,20.7,78.2,1017.0,10.5
2021-04-18 23:00:00,18.3,73.6,1016.9,12.8
2021-04-19 00:00:00,18.2,82.0,1017.2,10.9
2021-04-19 01:00:00,18.0,84.9,1016.0,20.5
2021-04-19 02:00:00,18.4,84.1,1017.2,8.8
2021-04-19 03:00:00,17.3,86.5,1017.4,15.0
2021-04-19 04:00:00,18.1,85.6,1016.6,16.0
2021-04-19 05:00:00,17.4,88.7,1015.4,8.1
2021-04-19 06:00:00,17.5,87.5,1013.9,11.7
2021-04-19 07:00:00,17.0,78.7,1014.2,8.6
2021-04-19 08:00:00,33.3,99.0,1013.6,9.5
2021-04-19 09:00:00,17.5,76.2,1012.2,14.6
2021-04-19 10:00:00,18.5,68.0,1015.1,14.5
2021-04-19 11:00:00,19.6,60.8,1014.4,9.6
2021-04-19 12:00:00,19.8,56.8,1013.5,11.2
2021-04-19 13:00:00,19.6,59.9,1012.6,24.0
2021-04-19 14:00:00,20.7,53.0,1013.3,22.0
2021-04-19 15:00:00,20.7,59.2,1012.6,12.4
2021-04-19 16:00:00,21.8,57.7,1013.2,14.4
2021-04-19 17:00:00,21.9,60.2,1013.0,19.6
2021-04-19 18:00:00,22.2,61.3,1012.9,22.6
2021-04-19 19:00:00,21.2,62.5,1011.1,12.7
2021-04-19 20:00:00,20.8,65.4,1011.3,13.1
2021-04-19 21:00:00,21.2,67.1,1011.3,15.6
2021-04-19 22:00:00,19.9,74.3,1010.6,10.6
2021-04-19 23:00:00,19.9,76.6,1010.9,16.0
2021-04-20 00:00:00,18.8,82.4,1009.4,8.6
2021-04-20 01:00:00,18.2,86.7,1008.6,9.7
2021-04-20 02:00:00,18.1,84.0,1009.0,11.1
2021-04-20 03:00:00,17.3,84.4,1009.4,14.0
2021-04-20 04:00:00,16.5,79.5,1007.3,11.4
2021-04-20 05:00:00,16.3,81.1,1008.8,9.7
2021-04-20 06:00:00,15.0,80.3,1008.3,15.4
2021-04-20 07:00:00,15.1,77.3,1008.7,10.5
2021-04-20 08:00:00,15.0,75.0,1008.3,14.5
2021-04-20 09:00:00,15.5,67.0,1008.8,9.8
2021-04-20 10:00:00,15.7,68.2,1007.7,12.9
2021-04-20 11:00:00,17.2,66.4,1006.8,10.0
2021-04-20 12:00:00,18.1,59.0,1006.7,9.8
2021-04-20 13:00:00,18.1,55.2,1005.1,17.8
2021-04-20 14:00:00,18.4,54.1,1005.9,12.6
2021-04-20 15:00:00,19.5,57.1,1007.3,22.2
2021-04-20 16:00:00,20.6,60.9,1006.9,14.0
2021-04-20 17:00:00,20.9,56.3,1004.3,13.2
2021-04-20 18:00:00,22.8,60.3,1006.7,16.1
2021-04-20 19:00:00,23.2,63.9,1006.5,13.6
2021-04-20 20:00:00,23.0,63.9,1005.7,19.2
2021-04-20 21:00:00,22.9,69.1,1005.3,17.2
2021-04-20 22:00:00,22.2,75.1,1006.8,16.5
2021-04-20 23:00:00,21.8,77.1,1005.6,16.9
2021-04-21 00:00:00,20.6,79.6,1005.3,9.1
2021-04-21 01:00:00,18.7,80.9,1005.0,10.0
2021-04-21 02:00:00,17.9,84.4,1005.3,9.5
2021-04-21 03:00:00,17.8,83.1,1004.5,9.7
2021-04-21 04:00:00,18.5,88.8,1004.4,19.9
2021-04-21 05:00:00,17.7,80.8,1005.1,8.1
2021-04-21 06:00:00,16.9,80.7,1004.5,8.6
2021-04-21 07:00:00,17.4,78.8,1007.4,10.5
2021-04-21 08:00:00,17.7,76.7,1004.2,10.0
2021-04-21 09:00:00,17.7,73.0,1003.3,8.5
2021-04-21 10:00:00,18.9,71.4,1004.7,8.8
2021-04-21 11:00:00,19.5,60.0,1004.8,14.4
2021-04-21 12:00:00,19.9,58.5,1005.5,11.2
2021-04-21 13:00:00,20.2,56.1,1005.9,12.4
2021-04-21 14:00:00,20.5,54.3,1006.8,18.6
2021-04-21 15:00:00,21.4,56.0,1004.7,14.2
2021-04-21 16:00:00,21.8,53.4,1005.6,22.6
2021-04-21 17:00:00,21.6,58.2,1005.9,13.6
2021-04-21 18:00:00,21.8,56.6,1006.1,19.7
2021-04-21 19:00:00,21.7,64.1,1006.9,30.2
2021-04-21 20:00:00,22.3,66.9,1007.0,14.9
2021-04-21 21:00:00,22.9,70.0,1005.5,13.0
2021-04-21 22:00:00,22.1,77.0,1006.1,14.9
2021-04-21 23:00:00,22.6,73.4,1006.7,10.3
2021-04-22 00:00:00,21.4,79.3,1006.5,12.8
2021-04-22 01:00:00,20.4,82.2,1006.2,9.4
2021-04-22 02:00:00,18.2,86.1,1008.5,17.6
2021-04-22 03:00:00,17.2,87.4,1008.3,16.8
2021-04-22 04:00:00,17.4,84.7,1008.0,26.9
2021-04-22 05:00:00,17.2,82.3,1008.5,13.9
2021-04-22 06:00:00,16.5,80.0,1009.1,8.9
2021-04-22 07:00:00,16.9,75.2,1009.3,9.3
2021-04-22 08:00:00,16.2,68.9,1008.5,18.1
2021-04-22 09:00:00,17.9,67.8,1008.6,12.9
2021-04-22 10:00:00,18.1,67.4,1008.1,8.4
2021-04-22 11:00:00,18.7,65.3,1010.6,9.6
2021-04-22 12:00:00,19.5,60.8,1010.1,16.6
2021-04-22 13:00:00,19.7,54.5,1011.3,15.0
2021-04-22 14:00:00,20.4,60.9,1011.1,14.7
2021-04-22 15:00:00,20.7,57.6,1011.8,34.9
2021-04-22 16:00:00,22.4,58.4,1011.2,23.2
2021-04-22 17:00:00,23.1,54.2,1012.7,13.3
2021-04-22 18:00:00,22.7,59.2,1011.1,16.3
2021-04-22 19:00:00,22.3,65.3,1012.5,14.7
2021-04-22 20:00:00,21.7,68.4,1011.7,15.3
2021-04-22 21:00:00,22.2,74.3,1011.3,26.0
2021-04-22 22:00:00,22.7,72.0,1012.3,13.4
2021-04-22 23:00:00,20.8,72.2,1013.0,13.8
2021-04-23 00:00:00,19.5,79.5,1013.1,10.3
2021-04-23 01:00:00,19.0,78.6,1013.8,14.5
2021-04-23 02:00:00,18.5,88.2,1015.7,10.4
2021-04-23 03:00:00,17.9,87.1,1015.3,8.1
2021-04-23 04:00:00,16.7,85.8,1015.1,8.5
2021-04-23 05:00:00,16.5,81.4,1015.2,20.7
2021-04-23 06:00:00,16.3,80.1,1014.9,8.2
2021-04-23 07:00:00,17.2,76.7,1014.7,12.9
2021-04-23 08:00:00,18.5,72.9,1016.8,37.4
2021-04-23 09:00:00,17.8,67.7,1015.2,11.2
2021-04-23 10:00:00,19.1,62.6,1016.3,8.1
2021-04-23 11:00:00,19.6,63.9,1016.2,14.7
2021-04-23 12:00:00,20.6,58.2,1015.4,9.6
2021-04-23 13:00:00,21.9,56.3,1016.8,11.0
2021-04-23 14:00:00,20.9,53.2,1017.6,11.6
2021-04-23 15:00:00,22.5,58.0,1016.2,14.2
2021-04-23 16:00:00,22.8,49.2,1016.1,16.5
2021-04-23 17:00:00,22.4,59.8,1017.7,22.1
2021-04-23 18:00:00,22.7,58.4,1018.7,19.4
2021-04-23 19:00:00,22.2,65.3,1018.9,13.9
2021-04-23 20:00:00,22.4,69.5,1019.3,20.6
2021-04-23 21:00:00,23.0,72.4,1018.9,12.7
2021-04-23 22:00:00,21.9,77.1,1018.8,12.4
2021-04-23 23:00:00,20.5,78.5,1019.5,14.5
2021-04-24 00:00:00,20.2,84.3,1020.8,15.8
2021-04-24 01:00:00,19.3,83.6,1020.4,8.4
2021-04-24 02:00:00,18.5,82.3,1020.5,19.6
2021-04-24 03:00:00,17.2,86.8,1021.3,8.7
2021-04-24 04:00:00,17.7,86.0,1020.4,9.9
2021-04-24 05:00:00,17.7,83.3,1020.8,18.8
2021-04-24 06:00:00,17.7,82.9,1020.3,11.4
2021-04-24 07:00:00,17.3,75.1,1020.2,13.1
2021-04-24 08:00:00,16.7,75.2,1020.8,17.0
2021-04-24 09:00:00,17.2,67.2,1021.5,9.2
2021-04-24 10:00:00,17.8,63.5,1021.4,9.2
2021-04-24 11:00:00,17.6,61.4,1020.1,16.9
2021-04-24 12:00:00,18.8,58.1,1021.1,12.4
2021-04-24 13:00:00,19.4,58.5,1021.2,15.9
2021-04-24 14:00:00,20.6,57.0,1020.5,13.9
2021-04-24 15:00:00,21.2,54.3,1021.1,18.4
2021-04-24 16:00:00,21.1,51.1,1022.1,14.9
2021-04-24 17:00:00,21.9,56.2,1020.9,25.2
2021-04-24 18:00:00,22.1,62.5,1021.3,21.1
2021-04-24 19:00:00,22.4,58.7,1021.5,15.2
2021-04-24 20:00:00,21.5,69.5,1021.2,13.6
2021-04-24 21:00:00,21.9,68.9,1020.6,28.2
2021-04-24 22:00:00,22.2,70.3,1021.9,12.0
2021-04-24 23:00:00,21.1,78.6,1019.1,10.6
2021-04-25 00:00:00,21.1,81.2,1022.5,24.8
2021-04-25 01:00:00,19.7,84.9,1020.8,26.0
2021-04-25 02:00:00,19.0,82.9,1019.9,25.6
2021-04-25 03:00:00,19.7,83.1,1022.1,16.1
2021-04-25 04:00:00,18.7,85.0,1021.1,18.7
2021-04-25 05:00:00,18.2,82.6,1020.9,9.3
2021-04-25 06:00:00,18.0,81.9,1020.5,17.3
2021-04-25 07:00:00,18.9,75.1,1021.0,10.1
2021-04-25 08:00:00,18.1,74.7,1019.6,13.5
2021-04-25 09:00:00,17.2,72.3,1018.9,15.2
2021-04-25 10:00:00,18.2,67.0,1019.9,15.4
2021-04-25 11:00:00,18.8,67.0,1018.8,14.6
2021-04-25 12:00:00,19.2,60.8,1020.3,16.0
2021-04-25 13:00:00,20.5,55.2,1019.0,15.2
2021-04-25 14:00:00,21.5,52.6,1018.3,16.3
2021-04-25 15:00:00,23.2,55.1,1017.1,17.5
2021-04-25 16:00:00,24.0,57.0,1018.9,14.9
2021-04-25 17:00:00,24.9,55.2,1017.8,14.7
2021-04-25 18:00:00,24.1,63.0,1020.2,15.6
2021-04-25 19:00:00,24.4,64.8,1019.0,21.3
2021-04-25 20:00:00,23.8,66.4,1017.6,21.5
2021-04-25 21:00:00,23.1,70.2,1017.4,12.4
2021-04-25 22:00:00,22.0,72.5,1016.4,25.4
2021-04-25 23:00:00,21.6,73.3,1017.8,9.8
2021-04-26 00:00:00,20.8,84.9,1015.6,11.0
2021-04-26 01:00:00,19.4,80.6,1017.1,10.0
2021-04-26 02:00:00,18.2,83.9,1016.7,11.8
2021-04-26 03:00:00,16.1,81.7,1016.7,8.8
2021-04-26 04:00:00,15.2,90.5,1015.2,16.4
2021-04-26 05:00:00,15.1,82.5,1014.4,8.2
2021-04-26 06:00:00,15.3,82.1,1014.3,19.0
2021-04-26 07:00:00,15.7,76.6,1014.2,10.1
2021-04-26 08:00:00,15.9,79.2,1014.0,10.2
2021-04-26 09:00:00,16.6,72.6,1014.2,13.1
2021-04-26 10:00:00,17.0,64.5,1015.1,9.4
2021-04-26 11:00:00,18.3,63.7,1013.7,14.5
2021-04-26 12:00:00,18.9,57.0,1012.9,15.1
2021-04-26 13:00:00,21.6,57.2,1014.4,19.5
2021-04-26 14:00:00,22.3,51.9,1012.3,13.9
2021-04-26 15:00:00,23.0,60.0,1014.1,17.4
2021-04-26 16:00:00,24.0,53.5,1012.4,25.9
2021-04-26 17:00:00,24.3,57.0,1010.9,13.1
2021-04-26 18:00:00,24.9,58.7,1010.5,21.9
2021-04-26 19:00:00,23.7,61.1,1011.3,13.4
2021-04-26 20:00:00,23.5,68.7,1009.3,12.9
2021-04-26 21:00:00,23.0,70.9,1009.9,13.7
2021-04-26 22:00:00,22.5,70.7,1010.3,10.9
2021-04-26 23:00:00,20.8,75.6,1009.1,20.0
2021-04-27 00:00:00,20.0,78.5,1009.6,10.7
2021-04-27 01:00:00,19.5,84.6,1010.0,12.6
2021-04-27 02:00:00,19.4,84.1,1009.3,10.0
2021-04-27 03:00:00,18.8,87.3,1009.3,14.2
2021-04-27 04:00:00,18.7,81.0,1008.3,10.5
2021-04-27 05:00:00,17.9,83.4,1008.4,10.1
2021-04-27 06:00:00,17.4,83.3,1007.0,9.2
2021-04-27 07:00:00,17.7,76.1,1006.9,9.5
2021-04-27 08:00:00,19.1,75.1,1008.9,12.1
2021-04-27 09:00:00,19.3,68.8,1008.0,29.0
2021-04-27 10:00:00,19.4,67.9,1006.9,8.2
2021-04-27 11:00:00,21.0,61.2,1006.8,10.2
2021-04-27 12:00:00,19.8,63.5,1009.1,13.4
2021-04-27 13:00:00,21.0,54.8,1006.8,23.2
2021-04-27 14:00:00,22.5,58.5,1006.9,12.8
2021-04-27 15:00:00,23.0,58.9,1006.4,13.3
2021-04-27 16:00:00,24.1,59.9,1006.2,15.5
2021-04-27 17:00:00,23.8,57.0,1005.3,17.6
2021-04-27 18:00:00,23.8,62.0,1007.4,29.0
2021-04-27 19:00:00,24.6,62.7,1005.2,16.2
2021-04-27 20:00:00,23.4,69.8,1004.9,20.3
2021-04-27 21:00:00,23.1,63.5,1006.3,11.5
2021-04-27 22:00:00,22.4,77.5,1005.2,10.2
2021-04-27 23:00:00,22.3,80.0,1005.1,13.3
2021-04-28 00:00:00,22.2,80.1,1004.7,8.7
2021-04-28 01:00:00,20.6,74.9,1003.4,12.6
2021-04-28 02:00:00,19.7,77.3,1005.1,12.2
2021-04-28 03:00:00,19.4,83.7,1005.4,10.3
2021-04-28 04:00:00,18.8,78.3,1004.7,18.0
2021-04-28 05:00:00,17.8,84.0,1004.9,10.3
2021-04-28 06:00:00,17.9,79.3,1006.9,9.9
2021-04-28 07:00:00,17.5,75.8,1006.9,9.2
2021-04-28 08:00:00,17.4,74.4,1003.3,16.0
2021-04-28 09:00:00,16.9,73.5,1005.1,8.6
2021-04-28 10:00:00,17.3,64.5,1005.8,11.1
2021-04-28 11:00:00,18.2,62.8,1005.4,8.2
2021-04-28 12:00:00,18.8,54.0,1007.0,9.7
2021-04-28 13:00:00,19.9,55.0,1005.8,16.8
2021-04-28 14:00:00,21.7,59.1,1005.0,11.7
2021-04-28 15:00:00,22.0,50.2,1005.9,14.1
2021-04-28 16:00:00,21.8,58.8,1005.9,19.1
2021-04-28 17:00:00,22.0,52.7,1005.8,15.8
2021-04-28 18:00:00,22.7,60.6,1005.9,19.8
2021-04-28 19:00:00,24.1,63.9,1006.5,15.0
2021-04-28 20:00:00,23.2,71.7,1006.5,12.0
2021-04-28 21:00:00,22.5,69.3,1006.2,22.0
2021-04-28 22:00:00,21.7,74.0,1006.6,12.2
2021-04-28 23:00:00,21.7,78.6,1005.6,12.2
2021-04-29 00:00:00,20.1,77.8,1007.4,9.2
2021-04-29 01:00:00,20.0,81.0,1007.7,9.7
2021-04-29 02:00:00,19.6,83.9,1006.8,10.9
2021-04-29 03:00:00,18.5,83.6,1008.9,13.9
2021-04-29 04:00:00,18.4,86.5,1007.0,8.1
2021-04-29 05:00:00,18.6,83.6,1008.7,12.4
2021-04-29 06:00:00,18.4,85.4,1008.2,10.6
2021-04-29 07:00:00,16.4,76.2,1008.2,10.1
2021-04-29 08:00:00,17.6,78.8,1008.4,18.0
2021-04-29 09:00:00,18.7,68.2,1009.0,11.7
2021-04-29 10:00:00,19.9,71.8,1011.2,10.1
2021-04-29 11:00:00,20.7,61.7,1010.0,9.6
2021-04-29 12:00:00,21.7,54.2,1009.3,12.4
2021-04-29 13:00:00,22.0,62.6,1009.1,19.7
2021-04-29 14:00:00,23.3,51.2,1009.8,12.7
2021-04-29 15:00:00,23.9,53.4,1009.9,12.9
2021-04-29 16:00:00,24.3,56.5,1010.0,19.6
2021-04-29 17:00:00,24.4,62.6,1009.7,13.3
2021-04-29 18:00:00,24.2,58.5,1011.4,18.7
2021-04-29 19:00:00,25.2,61.2,1011.3,18.2
2021-04-29 20:00:00,24.7,66.4,1011.3,12.0
2021-04-29 21:00:00,23.7,72.1,1013.8,10.8
2021-04-29 22:00:00,23.8,71.8,1013.2,13.7
2021-04-29 23:00:00,23.1,74.6,1012.5,11.8
2021-04-30 00:00:00,22.4,78.0,1012.9,8.6
2021-04-30 01:00:00,21.2,84.7,1013.8,11.9
2021-04-30 02:00:00,20.5,87.9,1012.9,17.9
2021-04-30 03:00:00,19.5,89.8,1015.2,15.5
2021-04-30 04:00:00,19.3,89.6,1013.8,8.0
2021-04-30 05:00:00,18.4,83.1,1013.7,11.4
2021-04-30 06:00:00,18.6,83.8,1013.1,9.8
2021-04-30 07:00:00,18.5,79.0,1014.9,9.6
2021-04-30 08:00:00,18.2,72.9,1013.6,22.6
2021-04-30 09:00:00,19.3,67.4,1015.9,26.3
2021-04-30 10:00:00,19.6,66.4,1017.0,9.8
2021-04-30 11:00:00,20.6,65.4,1016.1,13.1
2021-04-30 12:00:00,21.0,58.9,1017.0,10.5
2021-04-30 13:00:00,20.9,54.4,1017.0,14.3
2021-04-30 14:00:00,22.3,57.0,1016.4,12.4
2021-04-30 15:00:00,22.6,57.8,1018.6,20.0
2021-04-30 16:00:00,23.8,52.2,1018.9,32.7
2021-04-30 17:00:00,25.5,54.0,1016.8,20.6
2021-04-30 18:00:00,25.4,66.3,1016.7,14.6
2021-04-30 19:00:00,25.5,64.2,1019.0,14.5
2021-04-30 20:00:00,25.1,62.8,1018.0,14.2
2021-04-30 21:00:00,24.9,70.2,1018.1,27.8
2021-04-30 22:00:00,23.5,78.2,1020.5,9.4
2021-04-30 23:00:00,22.6,76.9,1018.8,14.3
2021-05-01 00:00:00,21.7,83.4,1018.9,10.0
2021-05-01 01:00:00,21.9,81.1,1019.5,9.2
2021-05-01 02:00:00,19.8,84.4,1020.3,10.0
2021-05-01 03:00:00,19.5,80.2,1020.2,11.2
2021-05-01 04:00:00,19.1,84.3,1019.5,20.0
2021-05-01 05:00:00,18.0,80.6,1020.4,12.7
2021-05-01 06:00:00,17.7,81.6,1020.0,10.3
2021-05-01 07:00:00,17.5,78.8,1020.4,8.7
2021-05-01 08:00:00,17.9,71.2,1020.8,8.8
2021-05-01 09:00:00,17.9,71.5,1021.3,9.1
2021-05-01 10:00:00,-1.9,67.3,1019.7,9.5
2021-05-01 11:00:00,19.5,60.1,1020.8,8.1
2021-05-01 12:00:00,20.5,58.3,1021.3,11.2
2021-05-01 13:00:00,20.5,60.9,1019.7,13.5
2021-05-01 14:00:00,21.9,54.2,1020.3,13.6
2021-05-01 15:00:00,22.9,52.9,1020.1,13.8
2021-05-01 16:00:00,23.6,54.9,1021.8,15.4
2021-05-01 17:00:00,24.5,56.1,1021.3,16.8
2021-05-01 18:00:00,25.4,57.5,1022.1,13.0
2021-05-01 19:00:00,25.3,57.1,1021.2,20.1
2021-05-01 20:00:00,24.3,66.3,1020.4,15.7
2021-05-01 21:00:00,23.2,75.2,1021.0,14.3
2021-05-01 22:00:00,23.1,68.3,1022.7,14.0
2021-05-01 23:00:00,23.1,82.5,1021.1,15.3
2021-05-02 00:00:00,21.9,81.6,1019.5,14.7
2021-05-02 01:00:00,21.5,82.3,1020.7,13.2
2021-05-02 02:00:00,20.3,87.6,1020.4,10.8
2021-05-02 03:00:00,18.6,88.9,1020.9,8.0
2021-05-02 04:00:00,18.3,84.0,1020.8,9.5
2021-05-02 05:00:00,18.7,83.8,1021.8,10.0
2021-05-02 06:00:00,17.7,81.8,1020.6,10.2
2021-05-02 07:00:00,17.1,81.9,1019.2,8.8
2021-05-02 08:00:00,17.6,71.9,1020.3,12.6
2021-05-02 09:00:00,18.4,72.9,1018.9,11.9
2021-05-02 10:00:00,19.7,65.4,1019.6,9.2
2021-05-02 11:00:00,20.9,61.5,1020.5,9.6
2021-05-02 12:00:00,22.1,58.6,1019.2,20.8
2021-05-02 13:00:00,23.1,51.7,1019.9,12.9
2021-05-02 14:00:00,22.8,57.2,1019.1,14.5
2021-05-02 15:00:00,23.0,53.4,1019.2,14.7
2021-05-02 16:00:00,23.8,54.3,1019.5,19.3
2021-05-02 17:00:00,25.5,60.6,1019.4,13.6
2021-05-02 18:00:00,24.8,59.7,1018.2,13.9
2021-05-02 19:00:00,24.3,67.9,1017.9,14.6
2021-05-02 20:00:00,24.2,67.6,1017.7,19.7
2021-05-02 21:00:00,23.8,65.2,1018.4,12.7
2021-05-02 22:00:00,24.4,72.0,1015.8,11.1
2021-05-02 23:00:00,24.1,78.8,1017.0,13.2
2021-05-03 00:00:00,22.6,82.8,1017.3,13.2
2021-05-03 01:00:00,21.6,82.3,1016.8,9.4
2021-05-03 02:00:00,20.5,83.9,1016.9,15.2
2021-05-03 03:00:00,20.6,90.0,1016.4,18.1
2021-05-03 04:00:00,19.7,82.0,1015.2,8.9
2021-05-03 05:00:00,19.4,90.2,1014.5,14.8
2021-05-03 06:00:00,19.3,78.8,1015.3,8.9
2021-05-03 07:00:00,19.1,74.9,1014.7,12.9
2021-05-03 08:00:00,19.7,72.6,1013.8,10.0
2021-05-03 09:00:00,21.0,70.6,1014.0,18.3
2021-05-03 10:00:00,21.6,65.6,1013.1,11.7
2021-05-03 11:00:00,22.7,62.8,1013.7,19.4
2021-05-03 12:00:00,24.7,64.3,1013.9,29.8
2021-05-03 13:00:00,25.5,59.3,1012.2,11.2
2021-05-03 14:00:00,25.2,52.9,1012.3,23.2
2021-05-03 15:00:00,26.3,58.0,1013.2,14.6
2021-05-03 16:00:00,25.8,52.4,1010.7,22.4
2021-05-03 17:00:00,26.2,57.7,1012.3,13.7
2021-05-03 18:00:00,26.6,58.6,1011.8,15.4
2021-05-03 19:00:00,26.5,63.6,1010.9,13.6
2021-05-03 20:00:00,26.4,70.2,1009.9,17.1
2021-05-03 21:00:00,27.2,66.1,1010.5,21.3
2021-05-03 22:00:00,26.2,72.3,1009.3,13.6
2021-05-03 23:00:00,25.6,78.2,1010.0,19.8
2021-05-04 00:00:00,24.3,81.2,1009.9,8.8
2021-05-04 01:00:00,23.6,88.2,1009.8,8.9
2021-05-04 02:00:00,22.1,88.0,1008.5,13.0
2021-05-04 03:00:00,21.3,86.6,1008.0,11.0
2021-05-04 04:00:00,20.8,88.6,1008.4,9.6
2021-05-04 05:00:00,20.1,83.8,1006.7,10.1
2021-05-04 06:00:00,20.2,79.2,1008.6,12.0
2021-05-04 07:00:00,19.4,75.2,1007.0,10.1
2021-05-04 08:00:00,19.4,73.8,1007.0,24.7
2021-05-04 09:00:00,20.4,71.5,1008.0,11.1
2021-05-04 10:00:00,21.5,68.6,1006.9,9.8
2021-05-04 11:00:00,23.2,54.5,1008.1,8.4
2021-05-04 12:00:00,24.2,56.8,1005.5,42.0
2021-05-04 13:00:00,25.6,59.0,1008.3,11.8
2021-05-04 14:00:00,26.9,56.0,1006.0,12.4
2021-05-04 15:00:00,27.7,57.3,1005.7,20.4
2021-05-04 16:00:00,27.5,57.2,1007.3,15.2
2021-05-04 17:00:00,27.3,58.5,1006.5,18.0
2021-05-04 18:00:00,26.3,55.5,1006.0,27.1
2021-05-04 19:00:00,25.8,57.9,1004.9,14.0
2021-05-04 20:00:00,26.9,64.3,1005.3,29.4
2021-05-04 21:00:00,27.4,72.6,1005.1,11.2
2021-05-04 22:00:00,26.4,73.9,1005.6,11.2
2021-05-04 23:00:00,26.1,81.2,1005.0,24.0
2021-05-05 00:00:00,25.5,81.7,1006.4,15.2
2021-05-05 01:00:00,25.1,85.6,1003.5,9.4
2021-05-05 02:00:00,24.0,80.3,1004.9,17.0
2021-05-05 03:00:00,23.1,92.0,1006.2,9.6
2021-05-05 04:00:00,22.4,83.5,1005.1,8.8
2021-05-05 05:00:00,20.2,78.8,1005.7,15.1
2021-05-05 06:00:00,20.2,80.7,1005.1,13.0
2021-05-05 07:00:00,20.3,73.2,1005.5,9.8
2021-05-05 08:00:00,21.1,77.4,1005.0,27.3
2021-05-05 09:00:00,21.4,72.3,1004.9,9.6
2021-05-05 10:00:00,22.3,65.9,1005.6,11.1
2021-05-05 11:00:00,22.6,57.2,1004.6,13.9
2021-05-05 12:00:00,23.5,54.5,1005.5,39.5
2021-05-05 13:00:00,24.4,53.8,1004.9,12.8
2021-05-05 14:00:00,25.6,52.3,1006.7,14.3
2021-05-05 15:00:00,24.7,51.1,1004.5,14.0
2021-05-05 16:00:00,25.1,53.1,1005.8,15.6
2021-05-05 17:00:00,26.2,61.4,1004.0,13.4
2021-05-05 18:00:00,27.1,62.6,1006.1,17.3
2021-05-05 19:00:00,27.6,61.8,1005.9,19.9
2021-05-05 20:00:00,26.8,62.4,1006.7,15.2
2021-05-05 21:00:00,25.7,72.6,1006.1,15.1
2021-05-05 22:00:00,24.0,71.0,1007.6,9.9
2021-05-05 23:00:00,23.1,77.7,1006.1,13.6
2021-05-06 00:00:00,22.9,78.8,1006.0,10.1
2021-05-06 01:00:00,22.7,84.4,1005.7,12.3
2021-05-06 02:00:00,20.4,83.5,1007.8,15.5
2021-05-06 03:00:00,19.0,84.7,1007.4,12.2
2021-05-06 04:00:00,20.1,85.6,1009.3,16.1
2021-05-06 05:00:00,20.5,82.2,1006.5,9.5
2021-05-06 06:00:00,20.4,78.1,1008.9,11.0
2021-05-06 07:00:00,20.2,80.7,1008.8,31.5
2021-05-06 08:00:00,20.2,79.2,1009.1,12.0
2021-05-06 09:00:00,21.6,68.7,1009.7,10.1
2021-05-06 10:00:00,22.4,60.8,1009.7,12.8
2021-05-06 11:00:00,22.4,62.1,1008.0,9.3
2021-05-06 12:00:00,23.2,58.2,1009.6,11.2
2021-05-06 13:00:00,23.1,55.1,1010.1,12.9
2021-05-06 14:00:00,23.8,60.2,1009.5,22.8
2021-05-06 15:00:00,25.4,55.2,1008.6,14.3
2021-05-06 16:00:00,26.4,58.1,1011.9,16.9
2021-05-06 17:00:00,26.1,57.2,1010.2,15.5
2021-05-06 18:00:00,26.1,57.5,1012.4,23.3
2021-05-06 19:00:00,26.4,60.6,1012.1,18.6
2021-05-06 20:00:00,25.5,65.5,1012.4,27.2
2021-05-06 21:00:00,24.9,72.5,1010.8,12.2
2021-05-06 22:00:00,24.1,73.4,1013.5,9.5
2021-05-06 23:00:00,23.4,73.2,1012.6,9.6
2021-05-07 00:00:00,21.5,80.8,1013.8,9.3
2021-05-07 01:00:00,20.9,81.7,1013.1,8.1
2021-05-07 02:00:00,20.3,85.1,1012.7,10.7
2021-05-07 03:00:00,19.0,81.3,1013.8,10.7
2021-05-07 04:00:00,19.1,81.3,1013.3,27.3
2021-05-07 05:00:00,18.0,82.9,1013.5,28.1
2021-05-07 06:00:00,18.2,78.4,1013.9,21.8
2021-05-07 07:00:00,19.4,76.3,1016.0,23.9
2021-05-07 08:00:00,20.4,78.3,1016.2,11.9
2021-05-07 09:00:00,20.7,75.8,1017.5,15.7
2021-05-07 10:00:00,20.6,66.0,1015.6,12.6
2021-05-07 11:00:00,22.3,61.6,1015.2,13.2
2021-05-07 12:00:00,21.4,56.5,1015.7,9.6
2021-05-07 13:00:00,22.5,54.4,1016.4,13.4
2021-05-07 14:00:00,23.8,55.0,1016.3,11.8
2021-05-07 15:00:00,24.2,51.5,1018.8,13.1
2021-05-07 16:00:00,24.8,54.5,1017.6,27.6
2021-05-07 17:00:00,24.5,56.3,1016.7,16.4
2021-05-07 18:00:00,24.4,52.5,1018.8,15.8
2021-05-07 19:00:00,24.6,58.1,1018.2,14.3
2021-05-07 20:00:00,23.4,63.5,1019.1,15.4
2021-05-07 21:00:00,23.2,68.9,1018.3,10.5
2021-05-07 22:00:00,22.2,70.9,1018.9,28.2
2021-05-07 23:00:00,22.0,74.7,1018.7,14.6
2021-05-08 00:00:00,21.5,78.4,1018.4,9.0
2021-05-08 01:00:00,20.3,84.8,1020.7,11.4
2021-05-08 02:00:00,20.0,85.4,1020.8,22.9
2021-05-08 03:00:00,19.2,82.7,1020.6,14.0
2021-05-08 04:00:00,19.3,86.6,1020.8,14.1
2021-05-08 05:00:00,19.3,85.5,1019.7,9.0
2021-05-08 06:00:00,18.9,81.9,1021.6,10.1
2021-05-08 07:00:00,18.9,77.5,1019.6,8.1
2021-05-08 08:00:00,18.0,68.6,1021.4,8.9
2021-05-08 09:00:00,18.9,73.6,1020.6,8.0
2021-05-08 10:00:00,19.6,66.6,1021.7,17.8
2021-05-08 11:00:00,20.1,64.4,1020.8,12.8
2021-05-08 12:00:00,21.3,61.3,1020.1,21.5
2021-05-08 13:00:00,23.3,53.8,1020.5,21.6
2021-05-08 14:00:00,23.8,49.6,1021.4,20.1
2021-05-08 15:00:00,24.9,55.8,1021.2,16.2
2021-05-08 16:00:00,26.8,53.7,1021.5,14.6
2021-05-08 17:00:00,26.5,55.9,1021.7,16.7
2021-05-08 18:00:00,27.1,57.3,1019.1,25.5
2021-05-08 19:00:00,25.7,68.9,1020.5,16.3
2021-05-08 20:00:00,25.0,68.2,1022.0,13.6
2021-05-08 21:00:00,25.2,68.5,1021.6,19.0
2021-05-08 22:00:00,24.8,76.7,1020.0,22.0
2021-05-08 23:00:00,25.1,80.0,1019.5,14.1
2021-05-09 00:00:00,24.3,79.4,1019.9,9.9
2021-05-09 01:00:00,23.2,79.1,1020.8,11.8
2021-05-09 02:00:00,21.7,86.8,1021.1,11.0
2021-05-09 03:00:00,21.5,87.3,1022.6,10.8
2021-05-09 04:00:00,20.6,85.0,1021.1,12.1
2021-05-09 05:00:00,20.2,81.0,1020.1,32.3
2021-05-09 06:00:00,20.1,75.5,1020.1,8.2
2021-05-09 07:00:00,19.4,79.9,1020.1,12.4
2021-05-09 08:00:00,20.3,71.7,1019.3,11.8
2021-05-09 09:00:00,20.0,72.4,1020.2,9.0
2021-05-09 10:00:00,20.8,65.9,1020.6,14.7
2021-05-09 11:00:00,20.5,60.6,1019.6,10.3
2021-05-09 12:00:00,21.1,53.1,1021.1,20.4
2021-05-09 13:00:00,23.0,56.7,1019.0,11.6
2021-05-09 14:00:00,24.1,59.6,1020.9,12.7
2021-05-09 15:00:00,25.0,52.5,1017.2,12.4
2021-05-09 16:00:00,25.6,61.0,1019.8,34.6
2021-05-09 17:00:00,24.5,58.3,1017.8,22.1
2021-05-09 18:00:00,25.2,59.9,1018.3,23.5
2021-05-09 19:00:00,26.2,59.0,1018.5,22.3
2021-05-09 20:00:00,25.7,64.7,1018.7,13.1
2021-05-09 21:00:00,24.6,68.9,1016.7,13.2
2021-05-09 22:00:00,23.9,80.2,1017.6,13.9
2021-05-09 23:00:00,22.7,75.4,1016.4,14.0
2021-05-10 00:00:00,21.2,82.0,1016.9,8.6
2021-05-10 01:00:00,21.6,85.8,1015.9,9.0
2021-05-10 02:00:00,20.3,90.8,1016.1,21.3
2021-05-10 03:00:00,20.7,82.0,1016.5,9.7
2021-05-10 04:00:00,19.9,83.9,1016.7,18.8
2021-05-10 05:00:00,20.4,86.6,1015.0,11.4
2021-05-10 06:00:00,21.5,87.7,1014.7,9.3
2021-05-10 07:00:00,21.4,78.5,1014.3,15.2
2021-05-10 08:00:00,21.6,71.8,1013.8,8.8
2021-05-10 09:00:00,21.4,69.3,1014.0,21.6
2021-05-10 10:00:00,21.9,64.2,1014.0,12.2
2021-05-10 11:00:00,23.0,65.1,1013.3,23.0
2021-05-10 12:00:00,24.2,58.1,1013.6,11.8
2021-05-10 13:00:00,25.6,58.4,1013.5,10.8
2021-05-10 14:00:00,26.3,57.3,1012.2,21.8
2021-05-10 15:00:00,26.1,57.0,1012.6,16.1
2021-05-10 16:00:00,26.2,54.9,1012.3,18.6
2021-05-10 17:00:00,26.5,53.9,1012.3,17.8
2021-05-10 18:00:00,27.3,65.5,1011.2,13.4
2021-05-10 19:00:00,27.4,62.8,1012.0,16.5
2021-05-10 20:00:00,27.4,61.4,1011.3,16.5
2021-05-10 21:00:00,27.0,68.9,1010.5,15.7
2021-05-10 22:00:00,27.4,70.1,1009.9,14.1
2021-05-10 23:00:00,25.9,72.8,1010.5,13.7
2021-05-11 00:00:00,24.4,78.8,-9999,20.6
2021-05-11 01:00:00,23.4,85.1,1010.3,10.2
2021-05-11 02:00:00,23.1,87.9,1010.2,43.3
2021-05-11 03:00:00,23.6,87.1,1008.5,8.1
2021-05-11 04:00:00,22.8,82.9,1007.5,11.9
2021-05-11 05:00:00,22.3,83.4,1009.3,17.2
2021-05-11 06:00:00,20.9,86.3,1007.5,14.6
2021-05-11 07:00:00,21.1,74.7,1008.3,10.3
2021-05-11 08:00:00,20.9,76.6,1007.7,9.2
2021-05-11 09:00:00,20.9,70.7,1008.1,18.3
2021-05-11 10:00:00,21.0,62.6,1008.2,15.2
2021-05-11 11:00:00,21.4,58.9,1007.8,9.2
2021-05-11 12:00:00,22.5,60.5,1006.6,18.2
2021-05-11 13:00:00,22.9,57.7,1005.7,10.8
2021-05-11 14:00:00,24.0,59.2,1007.1,15.2
2021-05-11 15:00:00,25.3,56.4,1007.3,18.3
2021-05-11 16:00:00,25.2,58.4,1006.1,17.0
2021-05-11 17:00:00,26.6,58.7,1006.9,20.6
2021-05-11 18:00:00,27.0,62.3,1004.5,13.5
2021-05-11 19:00:00,27.1,64.9,1005.6,25.8
2021-05-11 20:00:00,26.0,62.9,1006.7,19.3
2021-05-11 21:00:00,25.0,70.3,1005.8,20.4
2021-05-11 22:00:00,25.6,75.8,1004.9,10.4
2021-05-11 23:00:00,26.0,78.7,1006.0,17.2
2021-05-12 00:00:00,24.1,85.6,1004.2,11.2
2021-05-12 01:00:00,22.6,82.3,1004.8,8.5
2021-05-12 02:00:00,20.7,82.0,1005.8,11.8
2021-05-12 03:00:00,20.7,83.7,1005.0,12.0
2021-05-12 04:00:00,18.5,86.1,1004.6,26.7
2021-05-12 05:00:00,17.3,82.1,1004.9,10.9
2021-05-12 06:00:00,17.6,79.0,1004.7,8.9
2021-05-12 07:00:00,18.4,82.0,1005.4,16.5
2021-05-12 08:00:00,19.6,72.2,1006.0,25.6
2021-05-12 09:00:00,21.3,73.7,1005.0,18.8
2021-05-12 10:00:00,23.1,65.6,1005.7,9.8
2021-05-12 11:00:00,23.7,61.2,1005.7,32.7
2021-05-12 12:00:00,24.5,55.1,1006.1,15.5
2021-05-12 13:00:00,25.0,58.2,1005.4,15.1
2021-05-12 14:00:00,25.7,55.0,1006.2,12.5
2021-05-12 15:00:00,25.8,56.2,1005.3,14.0
2021-05-12 16:00:00,25.0,54.7,1004.1,13.1
2021-05-12 17:00:00,25.6,57.2,1006.6,16.0
2021-05-12 18:00:00,25.8,59.7,1006.0,15.9
2021-05-12 19:00:00,24.8,65.8,1006.7,13.0
2021-05-12 20:00:00,25.7,65.5,1006.3,13.9
2021-05-12 21:00:00,25.2,72.4,1006.0,10.7
2021-05-12 22:00:00,24.3,69.8,1005.9,18.9
2021-05-12 23:00:00,24.6,78.2,1006.0,10.1
2021-05-13 00:00:00,24.7,78.9,1006.1,9.6
2021-05-13 01:00:00,23.5,88.7,1006.3,8.4
2021-05-13 02:00:00,22.4,82.2,1007.0,16.3
2021-05-13 03:00:00,21.6,85.5,1007.2,8.4
2021-05-13 04:00:00,20.8,85.7,1008.3,18.0
2021-05-13 05:00:00,19.4,83.5,1008.0,16.2
2021-05-13 06:00:00,20.0,77.6,1008.9,18.3
2021-05-13 07:00:00,20.7,71.6,1008.9,15.7
2021-05-13 08:00:00,21.2,74.8,1008.6,14.9
2021-05-13 09:00:00,21.1,71.1,1009.2,23.1
2021-05-13 10:00:00,22.8,66.2,1009.3,8.4
2021-05-13 11:00:00,23.5,60.9,1010.4,11.2
2021-05-13 12:00:00,24.7,67.8,1009.4,11.0
2021-05-13 13:00:00,25.1,54.3,1008.6,10.8
2021-05-13 14:00:00,25.7,55.8,1010.6,12.3
2021-05-13 15:00:00,26.7,47.2,1010.0,18.3
2021-05-13 16:00:00,27.0,54.4,1011.2,37.0
2021-05-13 17:00:00,27.7,59.2,1012.1,17.5
2021-05-13 18:00:00,27.2,57.3,1011.3,21.5
2021-05-13 19:00:00,27.7,62.2,1010.8,17.6
2021-05-13 20:00:00,27.7,65.7,1012.1,11.9
2021-05-13 21:00:00,26.9,67.3,1013.4,15.3
2021-05-13 22:00:00,26.2,72.8,1012.8,9.4
2021-05-13 23:00:00,24.4,77.5,1012.6,12.4
2021-05-14 00:00:00,24.2,79.2,1012.7,8.3
2021-05-14 01:00:00,22.5,82.5,1015.1,11.0
2021-05-14 02:00:00,21.7,81.1,1012.5,9.9
2021-05-14 03:00:00,21.1,86.9,1014.1,12.4
2021-05-14 04:00:00,21.2,85.2,1013.6,20.8
2021-05-14 05:00:00,20.9,87.6,1013.0,11.1
2021-05-14 06:00:00,21.2,78.7,1015.9,10.7
2021-05-14 07:00:00,21.9,79.1,1015.4,9.9
2021-05-14 08:00:00,22.8,73.6,1015.5,15.8
2021-05-14 09:00:00,23.0,69.0,1015.5,12.5
2021-05-14 10:00:00,23.4,67.3,1015.8,10.1
2021-05-14 11:00:00,24.1,65.5,1016.6,9.8
2021-05-14 12:00:00,25.4,58.3,1016.8,15.7
2021-05-14 13:00:00,26.6,50.4,1017.8,11.4
2021-05-14 14:00:00,27.2,55.3,1017.5,13.5
2021-05-14 15:00:00,27.5,52.5,1017.6,13.7
2021-05-14 16:00:00,28.8,53.6,1017.6,14.7
2021-05-14 17:00:00,28.9,59.3,1018.9,18.8
2021-05-14 18:00:00,28.4,60.1,1018.7,19.3
2021-05-14 19:00:00,28.5,64.6,1017.0,14.6
2021-05-14 20:00:00,28.2,65.9,1017.9,12.7
2021-05-14 21:00:00,27.7,69.0,1019.4,20.8
2021-05-14 22:00:00,26.4,80.0,1020.5,13.3
2021-05-14 23:00:00,25.3,75.1,1019.0,9.1
2021-05-15 00:00:00,24.8,82.5,1018.1,9.3
2021-05-15 01:00:00,22.7,81.1,1019.4,16.6
2021-05-15 02:00:00,21.3,84.7,1020.8,8.5
2021-05-15 03:00:00,20.9,85.0,1018.9,8.4
2021-05-15 04:00:00,19.6,84.7,1021.7,9.5
2021-05-15 05:00:00,18.5,78.0,1020.8,15.8
2021-05-15 06:00:00,18.6,82.3,1020.6,9.4
2021-05-15 07:00:00,18.7,75.7,1020.1,16.7
2021-05-15 08:00:00,18.9,74.1,1020.6,29.1
2021-05-15 09:00:00,20.2,67.1,1020.2,16.7
2021-05-15 10:00:00,20.0,60.1,1020.6,14.6
2021-05-15 11:00:00,20.8,62.3,1020.5,16.0
2021-05-15 12:00:00,21.7,64.6,1019.7,9.3
2021-05-15 13:00:00,23.3,56.9,1021.6,10.6
2021-05-15 14:00:00,23.6,51.4,1021.9,23.6
2021-05-15 15:00:00,24.9,57.5,1022.1,16.4
2021-05-15 16:00:00,24.7,52.7,1021.7,14.4
2021-05-15 17:00:00,25.7,56.1,1020.4,13.9
2021-05-15 18:00:00,27.0,64.8,1022.4,16.9
2021-05-15 19:00:00,27.8,60.7,1021.8,18.7
2021-05-15 20:00:00,26.7,64.8,1020.7,13.5
2021-05-15 21:00:00,25.7,70.4,1021.0,12.2
2021-05-15 22:00:00,24.5,72.3,1021.4,15.6
2021-05-15 23:00:00,23.8,78.2,1021.3,8.4
2021-05-16 00:00:00,23.6,83.6,1021.6,15.0
2021-05-16 01:00:00,22.7,85.7,1020.9,10.7
2021-05-16 02:00:00,22.0,81.0,1020.0,13.1
2021-05-16 03:00:00,21.2,83.6,1021.1,16.7
2021-05-16 04:00:00,21.0,81.5,1022.0,9.5
2021-05-16 05:00:00,21.5,83.3,1021.7,12.1
2021-05-16 06:00:00,22.3,82.5,1020.5,9.2
2021-05-16 07:00:00,22.3,77.7,1020.8,18.2
2021-05-16 08:00:00,21.7,73.9,1020.2,8.1
2021-05-16 09:00:00,21.2,70.3,1019.1,13.5
2021-05-16 10:00:00,21.5,62.5,1020.9,9.2
2021-05-16 11:00:00,22.5,62.2,1019.6,14.1
2021-05-16 12:00:00,22.9,58.0,1019.9,10.5
2021-05-16 13:00:00,23.6,50.5,1018.9,17.3
2021-05-16 14:00:00,24.3,59.3,1018.6,12.7
2021-05-16 15:00:00,25.1,52.9,1018.5,14.3
2021-05-16 16:00:00,25.8,57.0,1018.6,17.5
2021-05-16 17:00:00,26.4,54.9,1017.7,15.6
2021-05-16 18:00:00,26.8,60.2,1018.7,23.2
2021-05-16 19:00:00,25.8,63.7,1019.0,19.2
2021-05-16 20:00:00,26.2,62.2,1018.9,13.8
2021-05-16 21:00:00,25.1,74.0,1017.9,14.7
2021-05-16 22:00:00,25.1,72.4,1016.6,10.5
2021-05-16 23:00:00,24.4,78.6,1017.6,11.5
2021-05-17 00:00:00,23.5,75.9,1016.0,15.0
2021-05-17 01:00:00,23.0,86.0,1016.0,12.5
2021-05-17 02:00:00,22.5,80.2,1016.5,8.6
2021-05-17 03:00:00,21.7,85.8,1015.9,8.3
2021-05-17 04:00:00,21.7,84.7,1016.5,14.5
2021-05-17 05:00:00,21.2,84.3,1015.2,10.3
2021-05-17 06:00:00,20.0,74.3,1015.0,9.6
2021-05-17 07:00:00,19.6,76.1,1014.2,8.2
2021-05-17 08:00:00,20.3,75.0,1012.7,28.5
2021-05-17 09:00:00,21.2,71.3,1013.9,13.1
2021-05-17 10:00:00,22.9,64.6,1015.2,9.0
2021-05-17 11:00:00,22.5,66.2,1014.4,11.0
2021-05-17 12:00:00,24.1,56.4,1013.2,13.4
2021-05-17 13:00:00,25.0,61.3,1013.4,11.7
2021-05-17 14:00:00,25.2,57.3,1013.5,14.7
2021-05-17 15:00:00,26.1,55.2,1012.5,23.7
2021-05-17 16:00:00,25.8,49.2,1013.0,19.2
2021-05-17 17:00:00,25.6,57.7,1012.4,18.6
2021-05-17 18:00:00,26.4,58.9,1010.9,40.2
2021-05-17 19:00:00,25.5,66.2,1011.5,22.1
2021-05-17 20:00:00,24.6,64.4,1011.2,18.3
2021-05-17 21:00:00,23.6,69.7,1010.9,12.8
2021-05-17 22:00:00,23.7,70.5,1009.1,15.8
2021-05-17 23:00:00,24.2,74.9,1009.9,13.1
2021-05-18 00:00:00,22.9,82.8,1008.2,15.3
2021-05-18 01:00:00,23.6,85.7,1010.5,19.0
2021-05-18 02:00:00,22.5,81.7,1009.6,9.5
2021-05-18 03:00:00,21.8,89.4,1010.4,13.2
2021-05-18 04:00:00,20.5,85.6,1008.0,10.1
2021-05-18 05:00:00,19.1,90.4,1007.4,8.8
2021-05-18 06:00:00,18.8,84.2,1008.2,12.3
2021-05-18 07:00:00,18.0,82.8,1007.8,16.7
2021-05-18 08:00:00,17.8,77.3,1009.6,11.9
2021-05-18 09:00:00,17.5,66.1,1007.5,9.5
2021-05-18 10:00:00,17.3,63.9,1007.3,15.7
2021-05-18 11:00:00,17.9,59.8,1007.2,17.1
2021-05-18 12:00:00,18.5,64.4,1005.5,10.5
2021-05-18 13:00:00,19.9,55.2,1007.5,17.5
2021-05-18 14:00:00,22.1,58.2,1005.2,22.8
2021-05-18 15:00:00,23.6,55.0,1006.5,20.2
2021-05-18 16:00:00,24.3,55.5,1006.5,27.8
2021-05-18 17:00:00,25.2,57.2,1007.0,21.7
2021-05-18 18:00:00,25.4,59.0,1006.1,13.0
2021-05-18 19:00:00,25.5,63.9,1006.3,19.8
2021-05-18 20:00:00,26.0,67.1,1006.6,13.7
2021-05-18 21:00:00,25.5,66.2,1006.4,12.3
2021-05-18 22:00:00,24.7,75.2,1004.6,12.5
2021-05-18 23:00:00,24.5,76.8,1005.4,11.4
2021-05-19 00:00:00,24.4,81.1,1006.7,17.9
2021-05-19 01:00:00,23.7,80.2,1006.1,8.5
2021-05-19 02:00:00,22.6,80.6,1004.1,11.4
2021-05-19 03:00:00,23.2,85.8,1005.3,11.3
2021-05-19 04:00:00,23.1,82.6,1005.0,14.4
2021-05-19 05:00:00,22.4,81.5,1003.5,11.0
2021-05-19 06:00:00,22.0,78.4,1005.5,9.9
2021-05-19 07:00:00,21.9,78.5,1003.7,9.2
2021-05-19 08:00:00,21.9,74.1,1006.4,15.6
2021-05-19 09:00:00,23.1,73.0,1005.0,11.5
2021-05-19 10:00:00,22.6,67.2,1003.9,13.3
2021-05-19 11:00:00,24.2,66.3,1005.7,14.0
2021-05-19 12:00:00,23.5,59.8,1005.3,11.0
2021-05-19 13:00:00,24.8,56.3,1005.9,11.3
2021-05-19 14:00:00,25.8,53.8,1005.5,19.0
2021-05-19 15:00:00,26.4,57.3,1004.1,19.7
2021-05-19 16:00:00,27.3,56.0,1005.2,22.2
2021-05-19 17:00:00,28.4,57.4,1006.8,19.0
2021-05-19 18:00:00,28.6,58.7,1006.9,27.5
2021-05-19 19:00:00,29.2,59.5,1005.8,14.6
2021-05-19 20:00:00,28.6,65.5,1005.1,16.6
2021-05-19 21:00:00,27.8,72.7,1007.0,12.1
2021-05-19 22:00:00,26.5,72.8,1007.2,24.1
2021-05-19 23:00:00,25.9,75.6,1007.4,20.6
2021-05-20 00:00:00,26.0,77.2,1007.3,12.2
2021-05-20 01:00:00,25.2,81.3,1006.4,36.3
2021-05-20 02:00:00,23.9,86.2,1008.7,9.0
2021-05-20 03:00:00,23.5,81.7,1008.1,9.3
2021-05-20 04:00:00,22.9,85.8,1007.8,8.3
2021-05-20 05:00:00,22.3,83.3,1007.7,13.5
2021-05-20 06:00:00,21.9,80.4,1008.6,20.7
2021-05-20 07:00:00,21.6,81.0,1007.4,9.0
2021-05-20 08:00:00,21.1,74.4,1009.4,13.0
2021-05-20 09:00:00,21.9,64.8,1008.6,8.8
2021-05-20 10:00:00,23.0,68.7,1009.4,11.6
2021-05-20 11:00:00,23.5,66.4,1009.4,9.4
2021-05-20 12:00:00,24.2,53.7,1009.4,10.8
2021-05-20 13:00:00,25.4,60.0,1010.4,20.7
2021-05-20 14:00:00,62.0,54.8,790.0,108.0
2021-05-20 15:00:00,25.5,50.3,1009.6,19.2
2021-05-20 16:00:00,26.8,58.5,1011.3,18.0
2021-05-20 17:00:00,26.0,57.1,1010.7,17.6
2021-05-20 18:00:00,26.1,64.4,1011.3,13.2
2021-05-20 19:00:00,26.4,67.9,1012.6,13.1
2021-05-20 20:00:00,25.9,63.9,1011.4,19.8
2021-05-20 21:00:00,26.1,72.2,1012.0,14.3
2021-05-20 22:00:00,25.3,76.2,1013.6,11.7
2021-05-20 23:00:00,24.5,80.7,1012.1,13.9
2021-05-21 00:00:00,24.6,78.7,1012.7,11.2
2021-05-21 01:00:00,23.1,85.9,1014.1,10.1
2021-05-21 02:00:00,21.6,84.0,1013.8,9.6
2021-05-21 03:00:00,21.6,84.1,1015.1,9.9
2021-05-21 04:00:00,22.2,80.8,1013.8,9.8
2021-05-21 05:00:00,21.6,84.6,1013.9,10.7
2021-05-21 06:00:00,21.3,83.7,1014.3,19.1
2021-05-21 07:00:00,20.4,80.8,1016.4,9.7
2021-05-21 08:00:00,20.6,71.3,1014.9,16.0
2021-05-21 09:00:00,21.0,68.4,1015.6,14.4
2021-05-21 10:00:00,22.4,63.1,1016.6,16.9
2021-05-21 11:00:00,24.1,64.3,1017.5,11.4
2021-05-21 12:00:00,24.8,62.8,1016.6,13.1
2021-05-21 13:00:00,26.3,59.5,1017.9,12.0
2021-05-21 14:00:00,28.0,54.4,1017.3,12.6
2021-05-21 15:00:00,28.3,61.3,1016.8,15.4
2021-05-21 16:00:00,29.4,55.3,1017.6,13.9
2021-05-21 17:00:00,30.2,60.0,1018.3,33.0
2021-05-21 18:00:00,29.4,57.5,1017.9,13.8
2021-05-21 19:00:00,29.3,59.0,1019.6,12.6
2021-05-21 20:00:00,29.1,64.1,1018.1,19.2
2021-05-21 21:00:00,28.2,74.1,1018.4,11.6
2021-05-21 22:00:00,28.0,71.4,1019.8,14.2
2021-05-21 23:00:00,27.1,77.0,1020.1,9.3
2021-05-22 00:00:00,25.5,78.0,1019.4,17.2
2021-05-22 01:00:00,25.3,85.2,1020.5,9.9
2021-05-22 02:00:00,24.5,89.8,1020.1,12.8
2021-05-22 03:00:00,23.3,86.3,1019.9,14.7
2021-05-22 04:00:00,23.0,84.2,1019.8,17.3
2021-05-22 05:00:00,22.5,83.6,1021.2,8.9
2021-05-22 06:00:00,22.4,82.5,1020.9,9.8
2021-05-22 07:00:00,22.5,73.9,1020.1,10.4
2021-05-22 08:00:00,22.6,75.2,1021.8,10.9
2021-05-22 09:00:00,23.4,69.8,1020.0,12.8
2021-05-22 10:00:00,23.2,68.7,1020.7,11.4
2021-05-22 11:00:00,25.1,63.4,1020.0,9.9
2021-05-22 12:00:00,24.8,59.4,1021.6,11.6
2021-05-22 13:00:00,24.9,55.8,1020.1,16.5
2021-05-22 14:00:00,24.9,59.2,1021.3,14.1
2021-05-22 15:00:00,26.3,55.0,1021.9,13.6
2021-05-22 16:00:00,26.3,53.5,1023.1,14.2
2021-05-22 17:00:00,27.0,55.9,1020.4,21.0
2021-05-22 18:00:00,26.9,61.2,1020.6,19.3
2021-05-22 19:00:00,27.4,63.6,1021.1,13.8
2021-05-22 20:00:00,27.3,69.0,1022.1,12.5
2021-05-22 21:00:00,26.9,72.6,1020.3,15.1
2021-05-22 22:00:00,26.7,68.5,1021.9,16.4
2021-05-22 23:00:00,25.9,83.1,1022.1,8.5
2021-05-23 00:00:00,25.0,79.7,1022.7,11.0
2021-05-23 01:00:00,24.8,81.4,1022.5,9.6
2021-05-23 02:00:00,24.3,83.4,1020.5,9.3
2021-05-23 03:00:00,24.1,85.8,1020.9,13.3
2021-05-23 04:00:00,23.6,77.2,1021.2,12.0
2021-05-23 05:00:00,22.9,88.9,1020.0,9.3
2021-05-23 06:00:00,22.6,78.8,1020.4,8.5
2021-05-23 07:00:00,22.3,78.3,1019.9,8.7
2021-05-23 08:00:00,21.4,75.1,1020.1,21.5
2021-05-23 09:00:00,21.5,70.0,1020.1,17.7
2021-05-23 10:00:00,22.3,62.5,1020.8,8.3
2021-05-23 11:00:00,23.2,63.1,1019.9,8.8
2021-05-23 12:00:00,24.8,63.8,1020.0,10.9
2021-05-23 13:00:00,24.9,57.1,1019.8,11.1
2021-05-23 14:00:00,25.7,59.8,1019.1,13.9
2021-05-23 15:00:00,26.2,58.3,1018.9,20.3
2021-05-23 16:00:00,26.6,52.8,1017.9,16.6
2021-05-23 17:00:00,26.9,64.0,1018.0,15.2
2021-05-23 18:00:00,26.5,56.5,1018.2,16.5
2021-05-23 19:00:00,25.6,59.5,1018.5,15.8
2021-05-23 20:00:00,25.8,64.2,1017.1,13.3
2021-05-23 21:00:00,25.3,67.5,1017.0,12.9
2021-05-23 22:00:00,24.6,75.7,1017.3,12.2
2021-05-23 23:00:00,24.3,76.4,1016.6,18.0
2021-05-24 00:00:00,23.9,75.8,1016.3,9.4
2021-05-24 01:00:00,22.9,85.1,1016.5,10.9
2021-05-24 02:00:00,21.6,84.8,1014.6,11.1
2021-05-24 03:00:00,21.4,84.2,1016.0,22.8
2021-05-24 04:00:00,22.1,80.4,1015.5,11.1
2021-05-24 05:00:00,21.9,79.7,1016.1,10.8
2021-05-24 06:00:00,21.3,79.0,1014.1,21.6
2021-05-24 07:00:00,21.3,79.8,1014.1,10.2
2021-05-24 08:00:00,22.0,80.2,1015.7,8.8
2021-05-24 09:00:00,24.0,69.4,1013.5,8.1
2021-05-24 10:00:00,24.5,69.7,1014.7,16.0
2021-05-24 11:00:00,25.1,58.4,1013.8,9.7
2021-05-24 12:00:00,26.3,60.5,1013.9,12.6
2021-05-24 13:00:00,27.3,57.1,1012.7,18.1
2021-05-24 14:00:00,27.7,51.7,1014.6,25.0
2021-05-24 15:00:00,28.8,51.8,1013.2,15.2
2021-05-24 16:00:00,29.0,53.2,1013.2,13.3
2021-05-24 17:00:00,30.1,54.8,1012.3,13.2
2021-05-24 18:00:00,29.5,66.4,1011.8,15.5
2021-05-24 19:00:00,29.9,63.3,1010.8,16.3
2021-05-24 20:00:00,29.3,72.8,1011.2,21.3
2021-05-24 21:00:00,28.7,69.7,1011.5,10.8
2021-05-24 22:00:00,26.2,75.6,1011.2,9.7
2021-05-24 23:00:00,25.2,71.3,1010.5,12.8
2021-05-25 00:00:00,25.6,79.9,1010.4,12.1
2021-05-25 01:00:00,24.6,87.2,1008.6,10.0
2021-05-25 02:00:00,23.4,81.3,1008.5,12.5
2021-05-25 03:00:00,21.7,82.8,1007.7,15.5
2021-05-25 04:00:00,21.3,90.0,1008.2,22.1
2021-05-25 05:00:00,21.3,80.5,1010.5,31.7
2021-05-25 06:00:00,21.9,81.9,1008.5,16.7
2021-05-25 07:00:00,21.5,72.1,1007.5,9.2
2021-05-25 08:00:00,22.4,73.0,1008.0,11.9
2021-05-25 09:00:00,23.0,66.8,1008.6,10.7
2021-05-25 10:00:00,23.3,67.2,1007.9,21.2
2021-05-25 11:00:00,24.6,64.9,1007.5,19.0
2021-05-25 12:00:00,24.3,61.6,1007.5,9.4
2021-05-25 13:00:00,25.7,58.4,1006.7,11.8
2021-05-25 14:00:00,26.9,53.1,1007.7,14.1
2021-05-25 15:00:00,27.3,56.4,1005.9,17.0
2021-05-25 16:00:00,28.0,57.0,1006.0,13.3
2021-05-25 17:00:00,28.8,61.7,1006.9,13.0
2021-05-25 18:00:00,28.1,58.5,1007.8,21.1
2021-05-25 19:00:00,29.0,56.9,1003.9,12.3
2021-05-25 20:00:00,28.7,67.6,1006.6,17.3
2021-05-25 21:00:00,28.1,71.3,1005.0,14.7
2021-05-25 22:00:00,28.6,75.5,1005.5,13.7
2021-05-25 23:00:00,27.7,81.6,1005.4,16.6
2021-05-26 00:00:00,26.8,82.3,1003.5,8.6
2021-05-26 01:00:00,26.9,79.5,1004.8,11.7
2021-05-26 02:00:00,26.0,82.4,1006.3,9.5
2021-05-26 03:00:00,25.2,82.1,1004.3,8.5
2021-05-26 04:00:00,23.6,81.6,1006.8,13.5
2021-05-26 05:00:00,23.2,81.1,1003.9,10.2
2021-05-26 06:00:00,22.4,80.5,1005.0,16.2
2021-05-26 07:00:00,21.7,78.3,1007.6,9.9
2021-05-26 08:00:00,21.7,75.9,1005.5,8.4
2021-05-26 09:00:00,22.5,68.7,1005.1,8.6
2021-05-26 10:00:00,22.8,66.7,1006.6,13.8
2021-05-26 11:00:00,24.0,58.3,1004.8,10.9
2021-05-26 12:00:00,25.4,62.4,1006.4,13.7
2021-05-26 13:00:00,25.8,58.9,1005.3,13.7
2021-05-26 14:00:00,26.9,55.9,1005.7,11.7
2021-05-26 15:00:00,27.7,56.4,1005.2,13.4
2021-05-26 16:00:00,27.3,55.6,1004.8,14.8
2021-05-26 17:00:00,28.2,58.8,1006.4,30.0
2021-05-26 18:00:00,27.9,60.6,1006.9,18.8
2021-05-26 19:00:00,27.5,67.7,1006.2,27.8
2021-05-26 20:00:00,36.0,94.0,990.0,38.0
2021-05-26 21:00:00,26.5,70.3,1007.6,26.2
2021-05-26 22:00:00,26.8,71.2,1005.4,14.3
2021-05-26 23:00:00,26.6,76.2,1005.4,10.3
2021-05-27 00:00:00,26.4,80.7,1007.4,9.2
2021-05-27 01:00:00,24.7,80.8,1008.2,14.7
2021-05-27 02:00:00,23.2,84.4,1009.3,12.7
2021-05-27 03:00:00,21.3,82.6,1007.0,23.0
2021-05-27 04:00:00,21.2,81.3,1007.6,11.9
2021-05-27 05:00:00,20.2,83.0,1007.8,10.0
2021-05-27 06:00:00,19.6,82.9,1008.5,18.5
2021-05-27 07:00:00,19.3,83.5,1007.7,12.7
2021-05-27 08:00:00,20.0,76.5,1008.0,9.8
2021-05-27 09:00:00,20.4,69.5,1008.8,9.3
2021-05-27 10:00:00,21.7,64.8,1009.2,8.2
2021-05-27 11:00:00,23.4,65.6,1009.3,10.5
2021-05-27 12:00:00,22.9,62.6,1010.0,17.7
2021-05-27 13:00:00,23.5,54.0,1009.8,14.0
2021-05-27 14:00:00,25.6,53.9,1009.9,16.1
2021-05-27 15:00:00,26.0,63.5,1011.4,13.5
2021-05-27 16:00:00,26.5,53.4,1011.3,35.5
2021-05-27 17:00:00,27.3,54.5,1010.9,16.9
2021-05-27 18:00:00,27.9,63.7,1012.5,27.5
2021-05-27 19:00:00,28.3,64.1,1011.8,19.2
2021-05-27 20:00:00,28.0,70.5,1011.7,23.4
2021-05-27 21:00:00,27.0,70.5,1012.8,11.0
2021-05-27 22:00:00,26.9,72.8,1011.7,9.6
2021-05-27 23:00:00,26.0,83.6,1012.8,17.6
2021-05-28 00:00:00,25.6,80.7,1013.5,22.4
2021-05-28 01:00:00,23.7,84.4,1013.5,11.0
2021-05-28 02:00:00,23.8,88.0,1014.0,8.7
2021-05-28 03:00:00,22.4,83.8,1013.6,8.4
2021-05-28 04:00:00,22.1,81.8,1014.0,22.5
2021-05-28 05:00:00,22.0,82.0,1013.0,12.8
2021-05-28 06:00:00,22.8,79.6,1015.5,10.1
2021-05-28 07:00:00,22.7,73.0,1015.2,9.1
2021-05-28 08:00:00,23.8,73.6,1015.2,10.5
2021-05-28 09:00:00,24.4,70.1,1015.5,11.6
2021-05-28 10:00:00,24.9,64.2,1016.6,15.4
2021-05-28 11:00:00,26.2,62.5,1016.2,32.8
2021-05-28 12:00:00,26.8,63.7,1017.5,16.7
2021-05-28 13:00:00,26.9,53.7,1017.7,11.6
2021-05-28 14:00:00,28.2,56.4,1018.0,33.5
2021-05-28 15:00:00,28.6,59.0,1017.0,15.0
2021-05-28 16:00:00,29.8,48.8,1018.0,22.1
2021-05-28 17:00:00,29.6,53.8,1017.4,13.6
2021-05-28 18:00:00,30.1,62.0,1019.5,14.9
2021-05-28 19:00:00,29.7,62.0,1018.3,21.3
2021-05-28 20:00:00,29.0,68.5,1019.0,21.3
2021-05-28 21:00:00,28.0,72.4,1019.1,27.1
2021-05-28 22:00:00,27.6,75.6,1018.8,11.4
2021-05-28 23:00:00,27.0,76.5,1019.5,11.8
2021-05-29 00:00:00,26.6,81.8,1019.5,27.9
2021-05-29 01:00:00,25.7,80.8,1020.8,18.2
2021-05-29 02:00:00,25.5,82.8,1020.3,8.5
2021-05-29 03:00:00,24.1,84.8,1020.7,19.0
2021-05-29 04:00:00,23.5,86.4,1020.4,9.6
2021-05-29 05:00:00,22.6,85.1,1019.5,11.9
2021-05-29 06:00:00,23.0,76.4,1019.5,13.9
2021-05-29 07:00:00,22.6,76.4,1021.6,9.8
2021-05-29 08:00:00,23.6,70.8,1022.4,10.7
2021-05-29 09:00:00,24.1,68.7,1020.3,8.3
2021-05-29 10:00:00,25.9,69.2,1020.6,11.2
2021-05-29 11:00:00,26.0,59.7,1021.1,11.9
2021-05-29 12:00:00,26.5,63.4,1019.7,9.7
2021-05-29 13:00:00,26.7,59.1,1022.1,14.7
2021-05-29 14:00:00,27.9,52.4,1021.7,17.7
2021-05-29 15:00:00,28.4,58.7,1023.0,22.3
2021-05-29 16:00:00,27.0,55.0,1022.2,14.4
2021-05-29 17:00:00,27.5,58.4,1019.9,14.0
2021-05-29 18:00:00,27.6,59.1,1021.5,13.9
2021-05-29 19:00:00,28.5,59.8,1021.1,14.9
2021-05-29 20:00:00,27.1,62.6,1021.1,21.2
2021-05-29 21:00:00,27.3,72.2,1021.8,15.7
2021-05-29 22:00:00,25.1,74.0,1020.7,10.8
2021-05-29 23:00:00,24.8,78.8,1021.5,13.1
2021-05-30 00:00:00,24.9,83.7,1021.2,39.4
2021-05-30 01:00:00,24.3,82.8,1019.7,13.8
2021-05-30 02:00:00,23.9,86.0,1021.9,13.3
2021-05-30 03:00:00,23.0,83.8,1019.3,8.1
2021-05-30 04:00:00,22.7,85.8,1021.5,15.7
2021-05-30 05:00:00,23.1,84.8,1020.1,10.6
2021-05-30 06:00:00,22.3,76.8,1020.0,13.0
2021-05-30 07:00:00,22.4,78.3,1021.0,18.2
2021-05-30 08:00:00,23.2,70.4,1018.2,10.9
2021-05-30 09:00:00,23.6,70.0,1020.9,8.9
2021-05-30 10:00:00,24.3,60.5,1019.8,9.1
2021-05-30 11:00:00,24.1,64.4,1020.1,9.7
2021-05-30 12:00:00,25.4,64.0,1018.2,9.6
2021-05-30 13:00:00,26.3,54.6,1019.5,11.8
2021-05-30 14:00:00,27.4,61.2,1020.2,13.1
2021-05-30 15:00:00,26.6,51.8,1019.0,13.0
2021-05-30 16:00:00,27.5,51.3,1016.9,16.8
2021-05-30 17:00:00,29.1,56.0,1018.1,14.6
2021-05-30 18:00:00,28.8,61.1,1019.5,16.5
2021-05-30 19:00:00,29.4,61.4,1018.8,12.7
2021-05-30 20:00:00,29.3,65.7,1018.2,12.9
2021-05-30 21:00:00,28.4,76.7,1017.0,20.2
2021-05-30 22:00:00,26.5,70.8,1018.2,28.3
2021-05-30 23:00:00,25.4,85.1,1017.0,10.0
2021-05-31 00:00:00,24.5,77.1,1016.7,9.1
2021-05-31 01:00:00,23.8,85.0,1016.9,15.2
2021-05-31 02:00:00,23.2,89.9,1015.2,13.5
2021-05-31 03:00:00,22.1,88.8,1015.6,10.2
2021-05-31 04:00:00,21.1,87.4,1016.2,17.8
2021-05-31 05:00:00,20.6,79.8,1016.4,11.8
2021-05-31 06:00:00,20.1,80.7,1013.9,8.5
2021-05-31 07:00:00,20.0,79.2,1014.4,18.1
2021-05-31 08:00:00,20.8,76.9,1014.8,13.7
2021-05-31 09:00:00,21.4,73.2,1014.0,8.7
2021-05-31 10:00:00,22.2,64.0,1014.4,20.5
2021-05-31 11:00:00,23.4,54.7,1014.9,13.2
2021-05-31 12:00:00,25.3,55.3,1014.8,14.0
2021-05-31 13:00:00,26.8,58.9,1013.3,15.1
2021-05-31 14:00:00,27.4,48.4,1012.7,13.2
2021-05-31 15:00:00,28.7,57.5,1013.5,18.9
2021-05-31 16:00:00,29.7,54.0,1013.5,23.8
2021-05-31 17:00:00,29.7,59.9,1012.3,14.3
2021-05-31 18:00:00,29.7,59.4,1010.9,19.8
2021-05-31 19:00:00,28.2,60.8,1011.0,19.0
2021-05-31 20:00:00,28.7,65.6,1010.6,20.2
2021-05-31 21:00:00,27.9,70.1,1010.8,11.5
2021-05-31 22:00:00,27.4,72.1,1010.2,12.3
2021-05-31 23:00:00,26.9,76.9,1009.9,14.5
2021-06-01 00:00:00,25.9,77.8,1009.8,17.0
2021-06-01 01:00:00,24.0,78.8,1010.0,17.0
2021-06-01 02:00:00,23.7,86.9,1009.4,9.0
2021-06-01 03:00:00,23.2,86.7,1008.3,8.4
2021-06-01 04:00:00,22.8,85.5,1008.0,14.0
2021-06-01 05:00:00,22.7,85.4,1009.6,14.3
2021-06-01 06:00:00,23.0,78.1,1009.1,24.3
2021-06-01 07:00:00,22.4,75.2,1007.7,11.0
2021-06-01 08:00:00,23.0,70.3,1007.5,11.0
2021-06-01 09:00:00,23.0,72.7,1008.9,10.9
2021-06-01 10:00:00,23.3,69.9,1008.7,17.0
2021-06-01 11:00:00,23.5,63.3,1007.8,15.4
2021-06-01 12:00:00,24.2,59.7,1005.8,10.0
2021-06-01 13:00:00,24.6,61.6,1007.2,14.3
2021-06-01 14:00:00,26.1,52.5,1005.7,17.8
2021-06-01 15:00:00,27.4,55.4,1006.2,13.3
2021-06-01 16:00:00,28.7,51.7,1006.3,22.6
2021-06-01 17:00:00,29.2,55.9,1006.1,16.9
2021-06-01 18:00:00,29.9,61.2,1006.6,16.8
2021-06-01 19:00:00,29.9,62.9,1005.7,15.7
2021-06-01 20:00:00,29.6,64.7,1006.1,12.0
2021-06-01 21:00:00,28.1,71.9,1006.4,13.2
2021-06-01 22:00:00,27.3,73.0,1005.7,15.0
2021-06-01 23:00:00,25.9,80.2,1005.5,8.2
2021-06-02 00:00:00,25.3,80.7,1005.4,16.3
2021-06-02 01:00:00,24.4,85.6,1005.5,15.1
2021-06-02 02:00:00,24.0,80.8,1005.8,23.3
